system_id,word,ner
1,昨天,DATE
1,金馬,WORK_OF_ART
1,阮經天,PERSON
1,昨天,DATE
1,三,CARDINAL
1,臺灣,NORP
1,周處除三害,CARDINAL
1,女鬼橋,PERSON
1,清晨,TIME
1,今年,DATE
1,臺灣,NORP
2,今年,DATE
2,金馬獎,WORK_OF_ART
2,台北電影節,EVENT
2,王柏傑,PERSON
2,金馬獎,WORK_OF_ART
2,周處除三害阮,PERSON
2,許光漢,PERSON
2,師大化學系,ORG
2,金馬獎,WORK_OF_ART
2,林柏宏,PERSON
2,金鐘獎,WORK_OF_ART
2,吳慷仁,PERSON
2,許光漢,PERSON
2,金馬,WORK_OF_ART
2,韓,PERSON
3,金馬,WORK_OF_ART
3,三,CARDINAL
3,三,CARDINAL
3,周處,PERSON
3,三,CARDINAL
4,今天,DATE
4,三,CARDINAL
4,三,CARDINAL
4,周處除,PERSON
4,三,CARDINAL
5,今天,DATE
5,三,CARDINAL
5,金馬,WORK_OF_ART
5,阮經天,PERSON
5,台灣,GPE
5,台灣,GPE
5,艋舺,GPE
5,金馬,WORK_OF_ART
5,中國,GPE
5,台灣,GPE
5,三,CARDINAL
5,中國解放軍,ORG
5,中國,GPE
5,三,ORDINAL
5,台灣,GPE
5,中國,GPE
5,李烈,PERSON
5,金馬獎,WORK_OF_ART
6,自由時報,WORK_OF_ART
6,許世穎,PERSON
6,阮經天,PERSON
6,三,CARDINAL
6,阮經天,PERSON
6,三,CARDINAL
6,阮經天,PERSON
6,三,CARDINAL
6,許世穎,PERSON
6,日本,NORP
6,宮﨑駿,PERSON
6,阮經天,PERSON
6,金馬,WORK_OF_ART
6,周處除,PERSON
6,三,CARDINAL
6,今年,DATE
6,柏林影展,EVENT
6,金熊獎,WORK_OF_ART
6,塞納河,LOC
6,日本,GPE
6,零,CARDINAL
6,宮﨑駿,PERSON
6,日本,GPE
6,吉野源,PERSON
6,周處,PERSON
6,三害,CARDINAL
6,金馬獎項,WORK_OF_ART
6,阮經天,PERSON
6,三,CARDINAL
6,奧斯卡獎,WORK_OF_ART
6,艾倫鮑絲汀,PERSON
6,年前,DATE
6,兩,CARDINAL
6,奧斯卡,PERSON
6,艾倫鮑絲汀,PERSON
6,塞納河,LOC
6,海鵬,PERSON
6,塞納河,LOC
6,塞納河,LOC
6,巴黎,GPE
6,文志溶,PERSON
6,第天,DATE
6,兩,CARDINAL
6,三,CARDINAL
6,金馬獎,WORK_OF_ART
7,昨天,DATE
7,三,CARDINAL
8,周處除,PERSON
8,阿,PERSON
8,麋,PERSON
8,阮經天,PERSON
8,台灣,NORP
8,中國,GPE
8,中國,GPE
8,台灣人,NORP
9,江芷稜,PERSON
9,錢人豪,PERSON
9,香港,GPE
9,超過年,DATE
9,阮經天,PERSON
9,三,CARDINAL
9,香港,GPE
9,黃精甫,PERSON
9,周處,PERSON
9,錢人豪,PERSON
9,今日,DATE
9,周會發,PERSON
9,豪左,PERSON
9,豪左,PERSON
9,錢人豪,PERSON
9,黃精甫,PERSON
9,香港,NORP
9,林森北路,LOC
9,陳廣州,PERSON
9,陳桂林,PERSON
9,三,CARDINAL
9,圖種態度電影股份有限公司,ORG
9,阮經天,PERSON
9,周處除,PERSON
9,三,CARDINAL
9,圖種態度電影股份有限公司,ORG
9,阮經天,PERSON
9,陳桂林,PERSON
9,陳廣州,PERSON
9,態度電影股份有限公司,ORG
9,錢人豪,PERSON
9,兩,CARDINAL
10,三立,PERSON
10,徐珮華,PERSON
10,錢人豪,PERSON
10,周處除,PERSON
10,阮經天,PERSON
10,周處除,PERSON
10,首週,DATE
10,萬元,MONEY
10,豪日,DATE
10,周處除,PERSON
10,三,CARDINAL
10,黃精甫,PERSON
10,日,GPE
10,周處,PERSON
10,三,CARDINAL
10,阮經天,PERSON
10,三,CARDINAL
10,圖種態度電影股份有限公司,ORG
10,錢人豪,PERSON
10,今日,DATE
10,莫斯科,GPE
10,香港,GPE
10,周處,PERSON
10,三,CARDINAL
10,豪,PERSON
10,周處除,PERSON
10,三,CARDINAL
10,錢人豪,PERSON
10,黃精甫,PERSON
10,台北市文化局,ORG
10,金馬執委會,ORG
10,黃精甫日,PERSON
10,周處,PERSON
10,三,CARDINAL
10,在年,DATE
10,三,CARDINAL
10,三,CARDINAL
11,台大學倫,ORG
11,中閔,PERSON
12,錢人豪,PERSON
12,十年前,DATE
12,台灣,GPE
12,亂七八糟,CARDINAL
12,朱木炎,PERSON
12,西門町,LOC
12,亂七八糟,CARDINAL
12,香港,GPE
12,中國,GPE
13,周處除三害,PERSON
13,台灣,GPE
13,香港,NORP
13,黃精甫,PERSON
13,台灣,GPE
13,阮經天,PERSON
13,年月日,DATE
13,台灣,GPE
13,古文典故,PERSON
13,陳,PERSON
13,周,PERSON
13,周處,PERSON
13,二,CARDINAL
14,阮經天,PERSON
14,周處除,PERSON
14,三害,CARDINAL
15,周處除三害,CARDINAL
16,竹聯幫,ORG
16,聯合翁,PERSON
16,桃園龍潭,GPE
16,竹聯幫虎堂,ORG
16,桃園,GPE
16,蔡,PERSON
16,蔡男,PERSON
16,月日,DATE
16,蔡,PERSON
16,蘇,PERSON
16,蘇男,PERSON
16,數秒,TIME
16,蔡,PERSON
16,蔡,PERSON
16,約公分,QUANTITY
16,蔡男,PERSON
16,竹聯,ORG
16,桃園,GPE
16,中華,GPE
16,秀恩愛,PERSON
16,張安樂,PERSON
16,周處除,PERSON
17,賴清德,PERSON
17,從年,DATE
17,賴清德,PERSON
17,民進黨,ORG
17,保台,PERSON
17,賴清德,PERSON
17,台南,GPE
17,蔡英文,PERSON
17,行政院,ORG
17,賴清德,PERSON
17,台南,NORP
17,賴清德,PERSON
17,韓流,GPE
17,民進黨,ORG
17,賴清德,PERSON
17,民進黨,ORG
17,賴清德,PERSON
17,行政院長,ORG
17,蔡英文,PERSON
17,蔡英文,PERSON
17,整整個月,DATE
17,蔡英文,PERSON
17,黨內,ORG
17,高嘉瑜,PERSON
17,蔡,PERSON
17,網軍,ORG
17,三,CARDINAL
17,蔡英文,PERSON
17,賴清德,PERSON
17,民進黨,ORG
17,賴清德,PERSON
17,林秉樞,PERSON
17,賴清德,PERSON
17,高嘉瑜,PERSON
17,蔡英文,PERSON
17,吳欣岱,PERSON
17,賴清德,PERSON
17,民進黨,ORG
17,新潮流,ORG
17,四年,DATE
17,周處除三,PERSON
18,周處除三害,CARDINAL
19,金馬,GPE
19,五,CARDINAL
19,三,CARDINAL
19,台,GPE
19,第三,ORDINAL
19,台,GPE
19,兩,CARDINAL
20,吳慷仁,PERSON
20,民視,ORG
20,徐詩詠,PERSON
20,第屆金馬獎頒獎典禮,EVENT
20,今日,DATE
20,台北國父紀念館,FAC
20,許光漢,PERSON
20,林柏宏富都,FAC
20,吳慷仁,PERSON
20,阮經天,PERSON
20,王柏傑,PERSON
20,吳慷仁,PERSON
20,金馬,WORK_OF_ART
21,周處除三害,CARDINAL
21,馬來西亞,GPE
21,日本,NORP
22,周處除三害,CARDINAL
22,第次,ORDINAL
23,三,CARDINAL
23,三,CARDINAL
23,哩系勒工,PERSON
23,三,CARDINAL
24,阿肥,PERSON
24,二,CARDINAL
24,周處,PERSON
24,三,CARDINAL
25,周處除三害,PERSON
26,李湘文,PERSON
26,周處,PERSON
26,三,CARDINAL
26,大陸,GPE
26,周處,PERSON
26,三,CARDINAL
26,大陸,GPE
26,年月日,DATE
26,李湘文,PERSON
26,周處除,PERSON
26,三,CARDINAL
26,去年月,DATE
26,台,GPE
26,金馬獎,WORK_OF_ART
26,大陸,GPE
26,大陸,NORP
26,圖種態度電影股份有限公司,ORG
26,大陸,NORP
26,台灣,GPE
26,陸網,ORG
26,日,GPE
26,▲陸網,ORG
26,周處除三害,PERSON
26,大陸,GPE
26,兩,CARDINAL
26,大陸人民,NORP
26,抗日,NORP
26,昨天,DATE
27,中國人,NORP
27,昨天,DATE
28,阿肥,PERSON
28,昨天,DATE
28,周處除三,PERSON
29,周處除三害,CARDINAL
29,昨天,DATE
29,兩天,DATE
29,億台幣,MONEY
29,當日,DATE
29,阮經天,PERSON
30,聯合新聞網,ORG
30,陳宥菘,PERSON
30,阮,PERSON
30,周處,PERSON
30,三,CARDINAL
30,大陸,GPE
30,黃精甫,PERSON
30,阮經天,PERSON
30,周處除,PERSON
30,三害月日,DATE
30,中國大陸,GPE
30,萬元約新台幣億元,MONEY
30,當日,DATE
30,台語,LANGUAGE
30,鄭宜農,PERSON
30,下午點分,TIME
30,三,CARDINAL
30,當日,DATE
30,新台幣億元,MONEY
30,第天,DATE
30,張藝謀,PERSON
30,大陸,GPE
30,周處,PERSON
30,三,CARDINAL
30,大陸,GPE
30,大陸,NORP
30,周處除,PERSON
30,三,CARDINAL
30,周處,PERSON
30,大陸,NORP
30,鄭宜農,PERSON
30,周處除,PERSON
30,香港,NORP
30,黃精甫,PERSON
30,阮經天,PERSON
30,袁富華,PERSON
30,陳以文,PERSON
30,王淨李,PERSON
30,李仁,PERSON
30,謝瓊煖,PERSON
30,去年,DATE
30,金馬獎,WORK_OF_ART
30,黃精甫,PERSON
30,阮經天,PERSON
30,洪昰顥,PERSON
30,台灣,GPE
30,新台幣,MONEY
30,萬元,MONEY
30,阮經天,PERSON
31,台灣,GPE
31,中國人,NORP
32,十,CARDINAL
32,台灣,NORP
32,香港人,NORP
32,台灣,GPE
32,兩,CARDINAL
32,台灣,GPE
32,台灣人,NORP
33,周處,PERSON
33,三,CARDINAL
33,白蓮教,ORG
33,周處,PERSON
33,郭采潔,PERSON
34,三害,CARDINAL
34,台灣,GPE
34,陳桂林,PERSON
34,台灣,GPE
34,台灣,GPE
35,李李仁,PERSON
35,四年,DATE
35,香港人,NORP
35,台灣人,NORP
36,周處除三害,CARDINAL
36,去年,DATE
36,台灣,GPE
36,台灣,GPE
36,大陸,GPE
36,台灣,GPE
36,台灣,GPE
36,大陸,NORP
36,台灣,GPE
36,大陸,GPE
36,三,CARDINAL
36,四,CARDINAL
37,台灣,NORP
37,周處除三害,WORK_OF_ART
37,中國大陸,GPE
37,周處,PERSON
37,中國人,NORP
37,中國人,NORP
37,台灣,GPE
37,中化,ORG
37,台灣,GPE
38,三,CARDINAL
39,中國人,NORP
39,六四,EVENT
39,台灣,GPE
40,台灣,GPE
40,三,CARDINAL
40,台灣,NORP
41,台灣,GPE
41,陳桂林,PERSON
41,台灣,GPE
41,劉煥榮,PERSON
41,陳新發,PERSON
41,兩,CARDINAL
41,徐文保,PERSON
41,徐浩城,PERSON
41,劉煥榮,PERSON
41,中華民國,GPE
42,周處除,PERSON
42,三,CARDINAL
42,陳桂林,PERSON
42,兩,CARDINAL
43,阿肥,ORG
43,阿肥,PERSON
43,周處除,PERSON
43,台灣,GPE
43,近年,DATE
43,台灣,GPE
43,阿肥,PERSON
43,西西里,GPE
43,台灣,GPE
43,港仔,LOC
43,台灣,GPE
43,台灣,NORP
44,陳桂林,PERSON
44,王靜,PERSON
45,昨天,DATE
45,周處除,PERSON
45,三害,CARDINAL
45,幾歲,DATE
46,台灣,GPE
46,周處除,PERSON
46,三,CARDINAL
46,大陸,GPE
46,三,CARDINAL
46,江蘇,GPE
46,無錫,GPE
46,台灣,GPE
46,大陸人,NORP
46,文革,EVENT
46,三,CARDINAL
46,周處,PERSON
46,台灣,GPE
46,閩南話,LANGUAGE
46,台灣人,NORP
47,安安,PERSON
47,周處,PERSON
47,三,CARDINAL
47,李李仁,PERSON
48,周處,PERSON
49,周處除,PERSON
49,三,CARDINAL
49,阮經天,PERSON
49,阮經天,PERSON
50,周處除,PERSON
51,周處除三害,PERSON
51,周處,PERSON
51,三,CARDINAL
51,三,CARDINAL
51,周處,PERSON
51,三,CARDINAL
52,周處,PERSON
52,吳郡陽,PERSON
52,鄱陽,PERSON
52,周魴,PERSON
52,周處,PERSON
52,周處除三害,PERSON
52,周處,PERSON
52,台灣,GPE
52,三,CARDINAL
53,周處除,PERSON
53,阮,PERSON
54,昨天,DATE
54,今天,DATE
54,桂林仔,PERSON
54,今天,DATE
54,陳桂林,PERSON
54,桂林仔,PERSON
54,李李仁,PERSON
54,今天,DATE
54,李李仁,PERSON
54,今天,DATE
54,年後,DATE
54,蔡英文,PERSON
54,蔡英文,PERSON
54,蔡英文,PERSON
54,蔡英文,PERSON
54,今天,DATE
54,阮,PERSON
54,今天,DATE
54,蔡英文,PERSON
54,蔡英文,PERSON
54,今天,DATE
54,今天,DATE
54,蔡英文,PERSON
54,英文,LANGUAGE
54,豬蛇鴿,PERSON
54,蔡英文,PERSON
54,今天,DATE
54,今天,DATE
54,陳桂林,PERSON
54,侵占仔,GPE
54,柯文哲,PERSON
54,二,CARDINAL
54,蔡英文,PERSON
54,二,CARDINAL
54,蔡英文,PERSON
54,今天,DATE
54,香港,NORP
54,今天,DATE
54,今天,DATE
54,澎湖,GPE
54,第二,ORDINAL
54,第二,ORDINAL
54,妙禪,PERSON
54,阮,PERSON
54,今天,DATE
54,第二,ORDINAL
54,多年前,DATE
54,今天,DATE
54,妙禪,PERSON
54,今天,DATE
54,第二,ORDINAL
54,今天,DATE
54,今天,DATE
54,今天,DATE
54,今天,DATE
54,今天,DATE
54,妙禪,PERSON
54,妙禪,PERSON
54,妙禪,PERSON
54,幾天之後,DATE
54,今天,DATE
54,妙禪,PERSON
54,今天,DATE
54,多萬台幣,MONEY
54,妙禪,PERSON
54,今天,DATE
54,妙禪,PERSON
54,今天,DATE
54,妙禪,PERSON
54,今天,DATE
54,今天,DATE
54,四,CARDINAL
54,今天,DATE
54,阮,PERSON
54,今天,DATE
54,今天,DATE
54,今天,DATE
54,晚上,TIME
54,今天,DATE
54,今天,DATE
54,妙禪,PERSON
54,今天,DATE
54,四,CARDINAL
54,今天,DATE
54,妙禪,PERSON
54,今天,DATE
54,妙禪,PERSON
54,阮,PERSON
54,今天,DATE
54,四,CARDINAL
54,阮,PERSON
54,今天,DATE
54,今天,DATE
54,第二,ORDINAL
54,第二,ORDINAL
54,四,CARDINAL
54,今天,DATE
54,今天,DATE
54,妙禪,PERSON
54,今天,DATE
54,今天,DATE
54,兩,CARDINAL
54,妙禪,PERSON
54,今天,DATE
54,今天,DATE
54,今天,DATE
54,二,CARDINAL
54,妙禪,PERSON
54,今天,DATE
54,鄭捷,PERSON
54,今天,DATE
54,妙禪,PERSON
54,今天,DATE
54,台灣,GPE
54,李李仁,PERSON
54,李李仁,PERSON
54,香港,GPE
54,台灣,GPE
54,阮,PERSON
54,今天,DATE
54,中國,NORP
54,今天,DATE
54,蔡英文,PERSON
54,蔡英文,PERSON
54,蔡英文,PERSON
54,今天,DATE
54,阮,PERSON
54,今天,DATE
54,今天,DATE
54,今天,DATE
54,蔡英文,PERSON
54,妙禪線,WORK_OF_ART
54,妙禪線,FAC
55,三,CARDINAL
55,香港仔,GPE
55,二十五塊半,MONEY
55,梁家輝,PERSON
55,周處,PERSON
55,三,CARDINAL
56,昨天,DATE
56,阮,PERSON
56,今天,DATE
56,三,CARDINAL
56,卡彈卡,PERSON
56,陳灰,PERSON
56,台灣,GPE
57,周處除三,PERSON
57,夏克立,PERSON
58,台語,LANGUAGE
58,周處除三,PERSON
58,台語,LANGUAGE
58,香港,NORP
58,香港,NORP
59,周處除,PERSON
59,三害,CARDINAL
59,新心靈舍,GPE
60,三,CARDINAL
60,武松,PERSON
62,中國,NORP
62,億人民幣,MONEY
62,前年,DATE
62,中國,GPE
62,阮經天,PERSON
63,周處除,PERSON
63,香港,NORP
63,黃精甫,PERSON
63,阮經天,PERSON
63,袁富華,PERSON
63,陳以文,PERSON
63,王淨李,PERSON
63,李仁,PERSON
63,謝瓊煖,PERSON
63,去年,DATE
63,金馬獎,WORK_OF_ART
64,王靜,PERSON
64,這十年多年,DATE
65,蔡,PERSON
65,兩,CARDINAL
66,台灣,GPE
67,國民黨,ORG
67,國民黨,ORG
67,蔡英文,PERSON
67,柯文哲,PERSON
67,愛麗莎沙,PERSON
68,香港仔,GPE
68,乾,PERSON
68,澎湖,GPE
68,桂林仔,PERSON
68,香港仔,GPE
68,王淨,PERSON
70,周處,PERSON
70,阮經天,PERSON
70,三,CARDINAL
70,阮經天,PERSON
71,蔡,PERSON
71,台灣,NORP
71,八年,DATE
71,台灣,GPE
71,台灣,GPE
72,今天,DATE
72,台灣,NORP
72,台灣,GPE
73,昨天,DATE
73,周處,PERSON
73,三,CARDINAL
73,前個小時,TIME
73,台灣,GPE
73,台灣,GPE
73,忠仔,PERSON
73,台灣,NORP
73,台灣,GPE
73,港仔,LOC
73,忠白癡,PERSON
73,台灣,GPE
73,中國,GPE
73,桃園,GPE
74,台灣,GPE
74,好萊塢,ORG
74,這幾年,DATE
74,廣電審,ORG
75,台灣,NORP
75,韓國,GPE
75,周處除三害,PERSON
75,韓國,GPE
75,歐,NORP
75,美,GPE
76,周處除,PERSON
76,妙禪,PERSON
76,妙禪,PERSON
76,劉邦友,PERSON
76,燕妮,PERSON
76,燕妮,PERSON
76,妙禪,PERSON
76,兩,CARDINAL
76,勞斯萊斯,ORG
76,七年前,DATE
76,妙禪,PERSON
76,陳桂林,PERSON
77,白敬亭,PERSON
77,佐,PERSON
77,周處除,PERSON
77,賈玲,PERSON
77,韓素希,PERSON
77,鄧,PERSON
77,藍盈瑩,PERSON
77,廣東,GPE
77,霍啟,PERSON
77,霍啟剛,PERSON
77,白敬亭,PERSON
77,西班牙,NORP
77,印度,GPE
77,周處除三害,PERSON
77,王博,PERSON
77,賈玲,PERSON
77,中國,NORP
77,台灣,GPE
78,周處除三害,PERSON
78,中國,GPE
78,台灣,GPE
78,下個月,DATE
78,台灣電影院,FAC
78,周處,PERSON
78,台灣電影公司,ORG
78,台,GPE
78,台灣,GPE
78,台灣,GPE
78,台灣,GPE
79,周處除,PERSON
79,三害,CARDINAL
79,阮經天,PERSON
79,陳桂林,PERSON
80,今天,DATE
80,周處除,PERSON
80,三,CARDINAL
80,邱澤,PERSON
80,邱,PERSON
80,邱,PERSON
80,兩,CARDINAL
81,安安,PERSON
81,周處除,PERSON
81,阮經天,PERSON
81,周處,PERSON
81,阮經天,PERSON
81,周處,PERSON
82,安安,PERSON
82,台灣,GPE
82,周處除三害,PERSON
83,大陸人,NORP
83,台灣,GPE
83,台灣,GPE
83,台灣,GPE
83,台灣,GPE
83,周處,PERSON
83,三,CARDINAL
83,去年,DATE
83,台灣,GPE
83,多萬,CARDINAL
83,中國大陸,GPE
83,億人民幣,MONEY
83,阮經天,PERSON
83,王心凌,PERSON
83,謝金燕,PERSON
83,郭書瑤,PERSON
83,三,CARDINAL
83,台灣,NORP
83,大陸,GPE
83,台灣,GPE
84,阿,GPE
84,周處除,PERSON
84,三,CARDINAL
84,阿,GPE
85,周處除三害,CARDINAL
85,陳桂林,PERSON
85,台灣,GPE
85,周處除三害,PERSON
85,三,CARDINAL
86,中國,GPE
86,台灣,GPE
86,周處除三害,CARDINAL
86,中國,GPE
86,台灣,GPE
86,中國,GPE
86,中國人,NORP
86,中國人,NORP
86,中國,NORP
86,台灣人,NORP
86,中國人,NORP
87,快億,CARDINAL
87,台灣,GPE
87,梁家輝,PERSON
87,台灣,GPE
88,台灣人,NORP
88,周處,PERSON
88,台灣,GPE
88,中國,GPE
88,中國,GPE
88,中國電影院,FAC
88,周處,PERSON
89,阿肥,PERSON
89,周處除三,PERSON
89,台灣,GPE
89,陳桂林,PERSON
90,安安阿,PERSON
90,齋橋哥,PERSON
90,三,CARDINAL
90,三,CARDINAL
90,三,CARDINAL
90,三,CARDINAL
90,台灣,GPE
90,三,CARDINAL
90,三,CARDINAL
91,台灣,GPE
91,大陸,GPE
92,台灣,GPE
93,八年,DATE
93,台灣,GPE
93,二,CARDINAL
93,三,CARDINAL
94,兩個多小時,TIME
95,周處除三害,CARDINAL
95,陳桂林,PERSON
95,周處,PERSON
95,台灣,GPE
96,去年,DATE
96,五,CARDINAL
96,周處,PERSON
96,三,CARDINAL
97,周處除,PERSON
97,三,CARDINAL
97,中國,GPE
97,幾天,DATE
97,台灣,GPE
97,周處,PERSON
98,艋舺,GPE
98,三,CARDINAL
99,周處,PERSON
99,周處,PERSON
99,三害,CARDINAL
99,三,CARDINAL
100,周處除三,PERSON
100,台灣,GPE
100,香港,NORP
100,黃精甫,PERSON
100,台灣,GPE
101,艋舺,GPE
101,兩,CARDINAL
101,前幾天,DATE
101,二,CARDINAL
102,台,GPE
103,周處除三害,PERSON
104,澎湖人,NORP
105,周處除,PERSON
105,台灣,GPE
105,劉煥榮,PERSON
105,幼兒院,ORG
105,中華民國,GPE
105,廖添丁,PERSON
105,劉煥榮,PERSON
106,周處除三害,PERSON
107,周處,PERSON
107,三,CARDINAL
107,中國,NORP
107,台灣人,NORP
108,豆導,PERSON
109,周處,PERSON
109,二,CARDINAL
109,三,CARDINAL
109,二,CARDINAL
109,王淨,PERSON
109,王淨,PERSON
110,三,CARDINAL
110,三,CARDINAL
110,阮經天,PERSON
110,香港仔,GPE
110,王淨忌,PERSON
110,二,CARDINAL
110,陳以文,PERSON
110,李李仁,PERSON
110,漫威,PERSON
110,台灣,GPE
111,周處除,PERSON
111,三,CARDINAL
112,朱延平,PERSON
112,三,CARDINAL
112,台灣,NORP
112,香港,GPE
113,王淨,PERSON
113,台灣,GPE
113,去年,DATE
113,五,CARDINAL
114,周處除,PERSON
114,中國,GPE
114,中國人,NORP
114,大陸,GPE
114,台灣,GPE
114,香港,GPE
114,台灣,GPE
114,香港,GPE
114,中國人,NORP
114,周處除,PERSON
115,周處,PERSON
115,三害,CARDINAL
115,陳桂琳,PERSON
115,周處,PERSON
115,雲林,GPE
115,周處,PERSON
115,三,CARDINAL
115,天龍人,NORP
115,周處,PERSON
115,三,CARDINAL
115,三,CARDINAL
116,周處,PERSON
116,陳以文,PERSON
116,陳,PERSON
116,台灣,GPE
116,香港,NORP
116,台灣,NORP
117,十,CARDINAL
117,台灣,GPE
117,十幾年,DATE
118,周處除三害,WORK_OF_ART
118,綠共黨,ORG
118,左國,GPE
118,綠共,ORG
118,綠共黨,ORG
118,佛教,ORG
118,三,CARDINAL
119,柯振中,PERSON
119,陳桂林,PERSON
119,陳桂林,PERSON
119,大陸,GPE
119,陳桂林,PERSON
119,柯振中,PERSON
119,周處除,PERSON
119,三,CARDINAL
119,兩岸,LOC
119,阮經天,PERSON
119,陳桂林,PERSON
119,大陸,GPE
119,台灣,GPE
119,陳桂林,PERSON
119,周處除三,PERSON
119,阮經天,PERSON
119,阮經天,PERSON
119,兩,CARDINAL
119,陳桂,PERSON
119,林,PERSON
119,大陸,GPE
119,陳桂林,PERSON
119,台灣,GPE
119,大陸,GPE
119,陳桂林,PERSON
119,百元,MONEY
119,大陸,NORP
119,陳桂林,PERSON
119,陳桂林,PERSON
120,魯妹,PERSON
120,三,CARDINAL
120,金馬,WORK_OF_ART
120,蔡明亮,PERSON
120,李康生,PERSON
120,阮經天,PERSON
120,陳湘琪,PERSON
120,袁富華,PERSON
120,楊貴媚,PERSON
120,謝瓊煖,PERSON
120,陳以文,PERSON
120,陳昭榮,PERSON
120,李李仁,PERSON
121,魏德聖魏導,PERSON
121,魏導,PERSON
121,七,CARDINAL
121,億元新台幣,MONEY
121,魏導,PERSON
121,賽德克巴萊,PERSON
121,金馬獎,WORK_OF_ART
121,三,CARDINAL
121,魏德聖魏導,PERSON
121,魏導,PERSON
121,周處除,PERSON
122,十幾年前,DATE
122,金馬,GPE
122,艋舺,GPE
122,中國,GPE
122,去年,DATE
122,台灣,GPE
122,周處,PERSON
122,三害,CARDINAL
122,陳桂林,PERSON
122,阮經天,PERSON
122,台灣,NORP
123,陳桂林,PERSON
123,公務公共,ORG
123,三,CARDINAL
124,周處除,PERSON
124,三害,CARDINAL
124,香港仔,GPE
124,彭于晏,PERSON
124,香港仔,GPE
124,香港人,GPE
125,王淨,PERSON
126,台灣,GPE
126,去年十月,DATE
126,大陸,GPE
126,台灣,GPE
127,周處除三,PERSON
127,中國,GPE
127,中國,GPE
127,中國,NORP
127,台灣,GPE
127,台灣,NORP
128,周處除,PERSON
128,三害,CARDINAL
128,太守郡,GPE
128,二,CARDINAL
129,周處除,PERSON
129,三,CARDINAL
129,三,CARDINAL
129,周處,PERSON
130,周處除,PERSON
130,兩周,DATE
130,三億多人民幣,MONEY
130,萬台幣,MONEY
131,三,CARDINAL
131,中國,GPE
131,李烈,PERSON
131,黃閔,PERSON
131,台北,GPE
131,周處除,PERSON
131,三,CARDINAL
131,中國,GPE
131,昨日,DATE
131,新台幣億,MONEY
131,蘋新聞網,ORG
131,周處,PERSON
131,中國,GPE
131,李烈,PERSON
131,萬美金,MONEY
131,中國,NORP
131,周處,PERSON
131,李烈,PERSON
131,萬美金,MONEY
131,周處,PERSON
131,中國,GPE
131,李烈,PERSON
131,周處,PERSON
131,三,CARDINAL
131,台灣,GPE
131,中國,GPE
131,李烈,PERSON
131,李烈,PERSON
132,萬新台幣,MONEY
132,金文化部,ORG
132,千萬,CARDINAL
132,台中市,GPE
132,萬台幣,CARDINAL
132,中國,GPE
132,萬新台幣,MONEY
132,台灣,GPE
132,四成,CARDINAL
132,萬新台幣,MONEY
132,香港,GPE
132,萬新台幣,MONEY
132,去年,DATE
132,第四,ORDINAL
132,萬新台幣,MONEY
132,中國,GPE
132,萬新台幣,MONEY
132,第四,ORDINAL
132,台北市,GPE
132,萬新台幣,MONEY
132,台灣,GPE
132,中國,NORP
132,百分之,PERCENT
133,前幾分鐘,TIME
133,日本,GPE
133,日本,GPE
133,普普通,PERSON
133,台灣,GPE
133,柏原崇,PERSON
133,台灣,GPE
133,日本,GPE
133,普普,PERSON
134,中時,ORG
134,李承陽,PERSON
134,獨大陸,GPE
134,三,CARDINAL
134,獨大陸,GPE
134,三,CARDINAL
134,李承陽,PERSON
134,阮經天,PERSON
134,王淨陳,PERSON
134,袁富華,PERSON
134,周處除,PERSON
134,三,CARDINAL
134,去年,DATE
134,台,GPE
134,大陸,GPE
134,億台幣,MONEY
134,大陸,NORP
134,日,GPE
134,周處除三害,PERSON
134,李烈,PERSON
134,萬美金,MONEY
134,大陸,GPE
134,李烈,PERSON
134,大陸,GPE
134,月初,DATE
134,大陸,GPE
134,李烈,PERSON
134,月底,DATE
135,中國,GPE
135,巴庫,GPE
135,李烈,PERSON
136,周處除,PERSON
136,三,CARDINAL
136,三,CARDINAL
136,蘇丹紅,PRODUCT
136,三,CARDINAL
137,億台幣,MONEY
137,台灣,GPE
137,中國,GPE
137,南韓,GPE
137,香港,GPE
137,中國,NORP
137,億,CARDINAL
137,台灣,GPE
138,中國,GPE
138,今天,DATE
138,台灣,GPE
138,台灣人,NORP
139,台灣,GPE
139,中國,GPE
139,中國,NORP
139,八成,CARDINAL
139,台灣,NORP
139,四千萬台幣,MONEY
139,大陸,GPE
139,台灣,GPE
139,八成,CARDINAL
139,中國,GPE
139,中國,GPE
139,台灣,GPE
140,李烈,PERSON
140,中國,GPE
140,中國,GPE
140,中國,NORP
140,台灣,GPE
141,周處,PERSON
141,台灣,GPE
141,中國,GPE
141,台灣人,NORP
142,周處除,PERSON
142,三害,CARDINAL
142,王淨,PERSON
142,郭采潔,PERSON
143,中時,ORG
143,李承陽,PERSON
143,獨大陸,GPE
143,三,CARDINAL
143,中時,ORG
143,李承陽,PERSON
143,阮經天,PERSON
143,王淨陳,PERSON
143,袁富華,PERSON
143,周處除,PERSON
143,三,CARDINAL
143,去年,DATE
143,台,GPE
143,大陸,GPE
143,億台幣,MONEY
143,大陸,NORP
143,日,GPE
143,周處除三害,PERSON
143,李烈,PERSON
143,萬美金,MONEY
143,大陸,GPE
143,李烈,PERSON
143,大陸,GPE
143,月初,DATE
143,大陸,GPE
143,李烈,PERSON
143,月底,DATE
144,中國,GPE
144,中國,GPE
145,台灣,GPE
145,大陸,NORP
145,周處除,PERSON
145,台灣,GPE
145,大陸,GPE
145,對吼,PERSON
145,台灣,GPE
145,大陸,NORP
145,唐山大地震,EVENT
145,台灣,GPE
145,大陸,GPE
145,大陸,NORP
146,周處除,PERSON
146,三,CARDINAL
146,阮,PERSON
146,今天,DATE
146,艋舺,GPE
147,桂林仔,PERSON
147,陳桂林,PERSON
147,台灣,GPE
147,第三,ORDINAL
147,台灣,GPE
148,羅子欣,PERSON
148,周處,PERSON
148,三,CARDINAL
148,大陸,GPE
148,億陸,CARDINAL
148,陳桂林,PERSON
148,阮經天,PERSON
148,袁富華,PERSON
148,香港,NORP
148,黃精甫,PERSON
148,周處除,PERSON
148,三,CARDINAL
148,億台幣,MONEY
148,台灣,GPE
148,大陸,GPE
148,阮經天,PERSON
148,陳桂林,PERSON
148,大陸,NORP
148,陳桂林,PERSON
148,大陸,GPE
148,陳桂林,PERSON
148,台灣,GPE
148,陳桂林,PERSON
148,大陸,NORP
149,台灣,GPE
150,台灣人,NORP
150,台灣人,NORP
150,三,CARDINAL
150,中國,GPE
151,周處除,PERSON
151,周處,PERSON
151,台灣,GPE
151,周處,PERSON
152,自由時報,WORK_OF_ART
152,林南谷,PERSON
152,習近平,PERSON
152,周處,PERSON
152,三,CARDINAL
152,苦苓,PERSON
152,共產黨,ORG
152,周處除,PERSON
152,三,CARDINAL
152,中國,GPE
152,中國,GPE
152,日本,GPE
152,產經新聞,ORG
152,台北支局長,ORG
152,矢板明夫,PERSON
152,中國,GPE
152,這幾年,DATE
152,北京,GPE
152,今日中午,TIME
152,苦苓,PERSON
152,中國,NORP
152,習近平,PERSON
152,習近,PERSON
152,三,CARDINAL
152,共產黨,ORG
152,苦苓,PERSON
152,矢板明夫日,PERSON
152,三,CARDINAL
152,中國,GPE
152,這幾年,DATE
152,中國,GPE
152,習近平,PERSON
152,台灣人,NORP
154,周處除,PERSON
154,三,CARDINAL
154,三,CARDINAL
154,台灣,GPE
154,台灣,GPE
154,台灣,GPE
154,台灣,GPE
154,台灣,GPE
154,台灣,GPE
155,台灣,NORP
155,周處除,PERSON
155,三,CARDINAL
155,廣電總局,ORG
157,陳灰,PERSON
157,阿認真,PERSON
157,香港仔,GPE
157,數十,CARDINAL
157,台灣,GPE
158,周處除三害,PERSON
158,台灣,GPE
158,台灣,GPE
158,台灣,LOC
158,台灣,GPE
158,台灣,GPE
158,台灣,GPE
159,台灣人,NORP
160,周處除三害,PERSON
160,第三,ORDINAL
160,兩,CARDINAL
160,姜文,PERSON
160,姜文,PERSON
160,香港仔,GPE
161,周處,PERSON
161,桂林,GPE
161,兩,CARDINAL
162,周處除,PERSON
162,三,CARDINAL
162,周處,PERSON
162,台灣,GPE
162,九,CARDINAL
163,周處,PERSON
163,李李仁,PERSON
163,下,GPE
163,韓,GPE
163,台灣,GPE
163,兩,CARDINAL
163,幾十年前,DATE
163,十年前,DATE
163,台灣,GPE
163,王淨好,PERSON
164,周處除,PERSON
165,三,CARDINAL
165,阮經天,PERSON
165,基努李維,PERSON
165,台灣,GPE
166,周處除三害,PERSON
166,三,CARDINAL
166,周處,PERSON
166,台灣,GPE
166,台灣,GPE
167,中時新聞網,ORG
167,丁世傑,PERSON
167,洪孟楷,PERSON
167,陳耀祥,PERSON
167,洪孟楷,PERSON
167,陳耀祥,PERSON
167,中時新聞網,ORG
167,丁世傑,PERSON
167,國民黨籍,ORG
167,洪孟楷,PERSON
167,今日,DATE
167,陳耀祥,PERSON
167,陳耀祥,PERSON
167,清,DATE
167,中天新聞台,ORG
167,洪孟楷,PERSON
167,陳耀祥,PERSON
167,周處,PERSON
167,三,CARDINAL
167,陳耀祥,PERSON
167,立法院,ORG
167,陳耀祥,PERSON
167,周處除,PERSON
167,三害,CARDINAL
167,陳耀祥,PERSON
167,三,CARDINAL
167,陳耀祥,PERSON
167,三,CARDINAL
167,第名,ORDINAL
167,洪孟楷,PERSON
167,三個月,DATE
167,中天新聞台,ORG
167,萬,CARDINAL
167,陳耀祥,PERSON
167,去年,DATE
167,萬,CARDINAL
167,洪孟楷,PERSON
167,陳耀祥,PERSON
167,周處,PERSON
167,三,CARDINAL
167,第二,ORDINAL
167,第三,ORDINAL
167,中天新聞台,ORG
167,洪孟楷,PERSON
167,周處除三,PERSON
167,周處,PERSON
167,台灣,GPE
167,陳耀祥,PERSON
167,洪孟楷,PERSON
167,陳耀祥,PERSON
167,三,CARDINAL
167,陳耀祥,PERSON
167,周處,PERSON
167,周處,PERSON
167,三,CARDINAL
168,阮,PERSON
168,今天,DATE
168,洪爺,GPE
168,四年,DATE
168,三,CARDINAL
168,台灣,GPE
168,四年,DATE
168,三,CARDINAL
168,台灣,GPE
169,王淨,PERSON
169,王淨李,PERSON
169,今天,DATE
169,亞洲,LOC
169,王淨,PERSON
170,王淨,PERSON
170,陳桂林,PERSON
170,台灣,GPE
171,周處除三害,CARDINAL
171,台灣,GPE
171,台灣人,NORP
171,兩,CARDINAL
172,昨天,DATE
172,周處除,PERSON
172,三,CARDINAL
172,林祿和,PERSON
173,安安,PERSON
173,周處除,PERSON
173,三,CARDINAL
174,三害,CARDINAL
174,大陸,GPE
174,去年,DATE
174,大陸人,NORP
174,大陸,GPE
174,三害,CARDINAL
175,伍芸彤,PERSON
175,周處,PERSON
175,台灣,GPE
175,周處,PERSON
175,台灣,GPE
175,伍芸彤,PERSON
175,阮經天,PERSON
175,三,CARDINAL
175,陳桂林,PERSON
175,阮經天,PERSON
175,周處除,PERSON
175,三,CARDINAL
175,中國,GPE
175,近億元人民幣,MONEY
175,新台幣億元,MONEY
175,台灣,GPE
175,第名,ORDINAL
175,阮,PERSON
175,陳桂林,PERSON
175,四,CARDINAL
175,周處,PERSON
175,三,CARDINAL
175,台灣,GPE
175,香港仔,GPE
175,阮,PERSON
175,澎湖,GPE
175,台灣,GPE
175,台灣,GPE
175,台灣,GPE
175,法務部長,ORG
175,教育部,ORG
175,台灣,GPE
175,法務部長,ORG
176,周處,PERSON
177,三,CARDINAL
177,第三,ORDINAL
177,張錫銘,PERSON
177,陳進興,PERSON
177,四年,DATE
177,第二,ORDINAL
177,王淨當,PERSON
177,幾十,CARDINAL
177,四年來,DATE
177,二,CARDINAL
178,兩,CARDINAL
178,陳桂琳,PERSON
179,日本,GPE
179,奧姆真理教,ORG
179,平田信,PERSON
179,十幾,CARDINAL
179,周處除,PERSON
179,三,CARDINAL
179,台灣,GPE
181,三,CARDINAL
181,三萬,CARDINAL
182,日本,GPE
182,大澤隆夫,PERSON
183,日本,NORP
183,王淨樣,PERSON
183,日本,NORP
183,日泉舞香,PERSON
183,日本,GPE
183,沢庵,PERSON
183,周處,PERSON
183,三,CARDINAL
184,周處,PERSON
184,三,CARDINAL
184,周處,PERSON
185,周處除,PERSON
185,三,CARDINAL
186,周處,PERSON
186,三,CARDINAL
186,三,CARDINAL
186,周處,PERSON
186,三,CARDINAL
186,周處,PERSON
187,桂林仔,PERSON
187,香港仔,GPE
187,王靜,PERSON
187,洪爺萬華,PERSON
187,桂林仔,PERSON
188,諾蘭,PERSON
188,奧斯卡,PERSON
188,台灣,GPE
188,周處除三害,PERSON
188,諾蘭,PERSON
189,三,CARDINAL
189,劉煥榮,PERSON
189,當年,DATE
189,竹聯幫,ORG
189,育幼院,ORG
189,今日,DATE
190,聯合新聞網,ORG
190,周處,PERSON
190,阮經天,PERSON
190,李烈駁,PERSON
190,阮,PERSON
190,三,CARDINAL
190,中國大陸,GPE
190,億人民幣,MONEY
190,億台幣,MONEY
190,大陸,NORP
190,大陸,GPE
190,陸媒,ORG
190,三,CARDINAL
190,億,CARDINAL
190,王大陸,PERSON
190,宋芸樺,PERSON
190,大陸,GPE
190,億約億,CARDINAL
190,大陸,NORP
190,阮經天,PERSON
190,周處,PERSON
190,三,CARDINAL
190,大陸,GPE
190,阮經天,PERSON
190,陳桂林,PERSON
190,三,CARDINAL
190,台灣,GPE
190,香港,GPE
190,新加坡,GPE
190,南韓印尼越南,GPE
190,十,CARDINAL
190,中時電子報,ORG
190,周處除,PERSON
190,三,CARDINAL
190,大陸,GPE
190,大陸,GPE
190,李烈,PERSON
190,大陸,GPE
190,李烈,PERSON
191,周處除,PERSON
191,三,CARDINAL
191,周處,PERSON
191,劉煥榮,PERSON
191,當年,DATE
191,劉煥榮,PERSON
191,日本,GPE
191,台,GPE
191,日本,GPE
191,劉煥榮,PERSON
191,警政署長,ORG
191,盧毓鈞,PERSON
191,日本,GPE
191,深夜,TIME
191,凌晨四點,TIME
191,劉煥榮,PERSON
191,刑事警察局,ORG
191,日本,GPE
191,盧毓鈞,PERSON
191,劉煥榮,PERSON
191,日本,GPE
191,劉煥榮,PERSON
191,劉煥榮,PERSON
191,劉煥榮,PERSON
191,日本,NORP
191,劉滿,PERSON
191,劉煥榮,PERSON
191,日本,NORP
191,劉煥,PERSON
192,江湖,PERSON
192,三,CARDINAL
192,王淨平,PERSON
193,陳桂林,PERSON
193,三,CARDINAL
193,陳桂林,PERSON
193,兒福聯盟,ORG
194,阿肥,PERSON
194,周處除三,PERSON
194,王淨,PERSON
194,今天,DATE
194,臺中人,NORP
194,阿肥,PERSON
194,台中人,NORP
195,三,CARDINAL
196,陳灰明明,PERSON
196,陳灰,PERSON
196,陳桂林,PERSON
196,陳桂林,PERSON
196,陳灰,PERSON
196,陳灰,PERSON
196,桂林仔,PERSON
196,陳灰,PERSON
196,兩個多小時,TIME
196,分鐘,TIME
197,三,CARDINAL
197,香港仔,GPE
197,王淨,PERSON
198,許瑋甯,PERSON
198,周處除,PERSON
198,三,CARDINAL
198,梁朝偉,PERSON
198,金馬獎,WORK_OF_ART
198,金獅獎,WORK_OF_ART
199,周處除,PERSON
199,三,CARDINAL
199,第次,ORDINAL
199,香港,GPE
199,周處,PERSON
200,台北電影獎,WORK_OF_ART
200,兩,CARDINAL
200,金馬獎,WORK_OF_ART
200,金鐘,TIME
200,金馬獎,WORK_OF_ART
200,三,CARDINAL
200,香港仔,GPE
200,香港仔,GPE
200,陳桂林,PERSON
201,今天,DATE
201,李維基哥,PERSON
201,周處除,PERSON
201,三,CARDINAL
201,陳桂林,PERSON
201,阮經天,PERSON
202,艋舺金馬,WORK_OF_ART
202,周處,PERSON
202,三,CARDINAL
202,金馬,WORK_OF_ART
202,張震,PERSON
202,牯嶺街,FAC
202,金馬,WORK_OF_ART
202,金馬,WORK_OF_ART
202,吳清源,PERSON
202,金馬,WORK_OF_ART
202,龍,PERSON
202,金馬影帝,PERSON
202,劉冠廷,PERSON
202,金馬,WORK_OF_ART
202,情人節,DATE
202,金馬,WORK_OF_ART
202,金馬,WORK_OF_ART
202,三,CARDINAL
202,台灣,NORP
202,金馬獎,WORK_OF_ART
202,陳桂林,PERSON
202,桂林仔,PERSON
203,台灣,GPE
203,萬台幣,MONEY
203,阮經天,PERSON
203,中國,GPE
203,多年,DATE
203,台灣,GPE
203,台灣,GPE
203,許光漢,PERSON
203,桂林仔,PERSON
203,阮經天,PERSON
203,去年,DATE
203,三,CARDINAL
203,玄天上帝,PERSON
203,張鈞甯,PERSON
203,周處除,PERSON
203,三,CARDINAL
204,這兩天,DATE
204,周處除,PERSON
204,三害,CARDINAL
204,兩,CARDINAL
205,周處除三害,PERSON
205,陳以文,PERSON
205,王淨,PERSON
206,安安,PERSON
206,周處除,PERSON
206,三,CARDINAL
206,香港仔,GPE
206,袁富華,PERSON
207,福建,GPE
207,彭于晏,PERSON
207,周處除三害,PERSON
207,台灣人,NORP
207,陳廣州,PERSON
207,陳桂林,PERSON
207,陳雲林,PERSON
207,台灣,NORP
207,陳火,PERSON
207,陳灰,PERSON
207,陳桂林,PERSON
207,港,GPE
207,台,GPE
207,中國,NORP
207,十幾年前,DATE
207,台辦,ORG
207,雲林,GPE
207,雲林,GPE
207,台灣,GPE
207,張銘清,PERSON
207,王八千,PERSON
208,塔綠班,ORG
208,國民黨,ORG
209,周處除三害,PERSON
210,周處除三害,CARDINAL
210,王淨,PERSON
210,香港仔,GPE
210,香港人,NORP
210,香港仔,GPE
211,古月方源,PERSON
211,周處,PERSON
211,仙尊,PERSON
212,三,CARDINAL
212,台灣,GPE
212,台灣,GPE
212,台灣,GPE
212,台灣人,NORP
212,共產黨,ORG
212,中國,GPE
213,前兩天,DATE
213,周處除,PERSON
213,幾十,CARDINAL
213,阮,PERSON
213,今天,DATE
214,金城武,PERSON
214,周處除三害,PERSON
214,阮經天,PERSON
215,中國,GPE
215,灣,GPE
215,灣,GPE
216,小肥,PERSON
216,小肥,PERSON
216,昨晚,TIME
216,韓國,GPE
216,小肥,PERSON
216,昨天,DATE
216,台灣,GPE
216,韓國,GPE
216,萬真,PERSON
216,台灣,GPE
216,五歲,DATE
216,小肥,PERSON
216,台灣,GPE
216,兩個禮拜,DATE
216,清國中割喉案,EVENT
216,那幾天,DATE
216,台灣,GPE
216,台灣人,NORP
217,周處除,PERSON
217,三害,CARDINAL
217,台灣,GPE
217,台灣,GPE
217,三,CARDINAL
218,阮經天,PERSON
218,金馬獎,WORK_OF_ART
218,阮經天,PERSON
218,第二,ORDINAL
218,金馬影帝,WORK_OF_ART
219,豪桂林仔豪,PERSON
219,桂林仔,PERSON
219,桂林仔,PERSON
219,中國,GPE
220,明道,PERSON
220,阮經天,PERSON
220,三,CARDINAL
220,中國,GPE
220,中國,NORP
220,誇明道,PERSON
220,周處,PERSON
220,明道,PERSON
220,金庸,PERSON
220,洪,PERSON
220,七,CARDINAL
220,明道,PERSON
220,阮經天,PERSON
220,中國,GPE
221,三,CARDINAL
221,大陸,GPE
221,兩,CARDINAL
221,中國人,NORP
221,中國人,NORP
221,台灣,NORP
221,阿中國人,NORP
221,中國人,NORP
222,安安,PERSON
222,周處除三害,PERSON
223,三,CARDINAL
223,第三,ORDINAL
223,第二,ORDINAL
223,香港人,NORP
223,台灣,GPE
223,台灣,GPE
223,周處,PERSON
223,三,CARDINAL
224,三,CARDINAL
224,李安來,PERSON
224,周處除,PERSON
224,三,CARDINAL
225,麥克貝,PERSON
225,好萊塢,ORG
225,今天,DATE
225,周處除,PERSON
225,三,CARDINAL
226,安安八,PERSON
226,周處除三害,PERSON
226,台灣,NORP
226,第二,ORDINAL
226,魏德聖,PERSON
227,三,CARDINAL
227,中國,GPE
227,大紀元年,DATE
227,馬維芬,PERSON
227,台灣,GPE
227,周處除,PERSON
227,三,CARDINAL
227,中國,GPE
227,億人民幣,MONEY
227,中共,ORG
227,李敖,PERSON
227,李戡,PERSON
227,中國,GPE
227,中共,ORG
227,李戡,PERSON
227,日前,DATE
227,中共,ORG
227,聯想,ORG
227,周處除,PERSON
227,中共,ORG
227,周處除,PERSON
227,三,CARDINAL
227,台灣,NORP
227,苦苓,PERSON
227,習近平,PERSON
227,周處,PERSON
227,三,CARDINAL
227,共產黨,ORG
227,日本,GPE
227,產經新聞,ORG
227,台北支局長,ORG
227,矢板明夫,PERSON
227,中國,GPE
227,將近億元人民幣,MONEY
227,億台幣,MONEY
227,趙麗穎,PERSON
227,賈玲,PERSON
227,台灣,GPE
227,千萬台幣,MONEY
227,台灣,GPE
227,第三,ORDINAL
227,兩,CARDINAL
227,香港,NORP
227,黃精甫,PERSON
227,日本,GPE
227,北野,GPE
227,武,PERSON
227,台灣,GPE
227,中國,GPE
227,中國,GPE
227,日本,GPE
227,產經新聞,ORG
227,台北支局長,ORG
227,矢板明夫,PERSON
227,兩,CARDINAL
227,中國,GPE
227,周處,PERSON
227,三,CARDINAL
227,陳桂林,PERSON
227,中國,GPE
227,台灣,GPE
227,國化,ORG
227,中國,GPE
227,第二,ORDINAL
227,台灣,GPE
227,台灣,GPE
227,台灣,GPE
227,中國,GPE
227,矢板明夫,PERSON
227,中國,GPE
227,這幾年,DATE
227,中國,GPE
227,周處,PERSON
227,三,CARDINAL
227,劉宇涵,PERSON
228,桂林仔,PERSON
228,第秒,TIME
228,十秒,TIME
228,十秒,TIME
229,大陸,GPE
229,威尼斯影展,EVENT
229,台灣,GPE
229,甘油卦,PERSON
230,周處除三害,CARDINAL
230,王淨露,PERSON
230,第二,ORDINAL
230,兩,CARDINAL
231,周處除,PERSON
231,周處除三,PERSON
231,朱延平,PERSON
232,雷拉,PERSON
232,雷,PERSON
232,桂林仔,PERSON
232,鐵頭哥,GPE
232,桂林,GPE
232,半,CARDINAL
232,東興,PERSON
232,桂林仔,PERSON
232,第三,ORDINAL
232,四年,DATE
232,香港仔,GPE
232,桂林,GPE
232,林錄,PERSON
232,林錄,PERSON
232,阿季,PERSON
232,阮經天,PERSON
232,艋舺,GPE
232,鳳小岳,PERSON
232,陳以文,PERSON
233,半個小時,TIME
233,香港人,NORP
233,七,CARDINAL
233,三,CARDINAL
233,香港仔,GPE
233,陳桂林,PERSON
233,陳桂林,PERSON
233,五秒,TIME
233,陳,PERSON
233,香港,NORP
233,香港,GPE
233,台灣,GPE
233,馬大,ORG
234,第時,ORDINAL
235,周處除三害,CARDINAL
235,半個小時,TIME
235,扁,PERSON
236,三,CARDINAL
237,周處除三害,CARDINAL
237,香港仔,GPE
237,王淨,PERSON
237,台灣,NORP
238,周處除,PERSON
238,三,CARDINAL
238,陳桂林,PERSON
238,中國人,NORP
238,二,CARDINAL
238,陳桂林,PERSON
239,今天,DATE
239,三,CARDINAL
239,佛道教,NORP
240,李烈,PERSON
240,十年,DATE
240,阮經天,PERSON
240,徐筠庭,PERSON
240,周育鋒,PERSON
240,年月日週日下午,TIME
240,阮經天,PERSON
240,三,CARDINAL
240,十三年,DATE
240,李烈,PERSON
240,李烈,PERSON
240,金馬獎,WORK_OF_ART
240,十年,DATE
240,阮經天,PERSON
240,阮經天,PERSON
240,周處除,PERSON
240,周處,PERSON
240,周處,PERSON
240,兩,CARDINAL
240,阮經天,PERSON
240,周處,PERSON
240,三,CARDINAL
240,阮經天,PERSON
240,烈姐,PERSON
240,阮經天,PERSON
240,李烈,PERSON
240,阮經天,PERSON
240,李烈,PERSON
240,兩,CARDINAL
240,周處,PERSON
240,李烈,PERSON
240,十年,DATE
240,阮經天,PERSON
240,金馬,GPE
240,阮經天,PERSON
240,李烈,PERSON
240,阮經天,PERSON
240,兩,CARDINAL
240,兩,CARDINAL
240,李烈,PERSON
240,阮經天,PERSON
240,金馬頒獎典禮,EVENT
240,阮經天,PERSON
240,帝后,PERSON
240,李烈,PERSON
240,李烈豆,PERSON
240,阮經天,PERSON
240,前晚,TIME
240,金門,GPE
240,兩,CARDINAL
241,金馬,WORK_OF_ART
241,阮經天,PERSON
241,陸小芬,PERSON
241,廖福生,PERSON
241,金馬獎頒獎典禮,EVENT
241,月日,DATE
241,國父紀念館,FAC
241,明日,DATE
241,今年,DATE
241,金馬獎,WORK_OF_ART
241,金馬,WORK_OF_ART
241,林青霞,PERSON
241,李安,PERSON
241,金馬,WORK_OF_ART
241,艋舺,GPE
241,金馬,WORK_OF_ART
241,今年,DATE
241,周處除三害,PERSON
241,吳慷仁,PERSON
241,富都青,PERSON
241,北影,ORG
241,王柏傑,PERSON
241,玄天上帝,PERSON
241,周渝,PERSON
241,劉冠廷,PERSON
241,李鴻,PERSON
241,明天,DATE
241,昨天,DATE
241,戴立,PERSON
241,今年,DATE
241,許光漢,PERSON
241,林柏宏,PERSON
241,陸小芬,PERSON
241,本日,DATE
241,台北電影獎,EVENT
241,金馬,EVENT
241,林映唯,PERSON
241,莎莉,PERSON
241,劉品言,PERSON
241,尹馨,PERSON
241,邵雨薇,PERSON
241,五月,DATE
241,萬芳,PERSON
241,萬芳,PERSON
241,金馬,WORK_OF_ART
241,陳以文,PERSON
241,周處除三害,CARDINAL
241,玄天上帝,PERSON
241,富都青,PERSON
241,陳澤耀,PERSON
241,白潤音,PERSON
241,薛仕凌,PERSON
241,五月,DATE
241,鄭人碩,PERSON
241,李銘忠,PERSON
241,姚淳耀,PERSON
241,本日,DATE
241,台北電影獎,EVENT
241,傅孟柏,PERSON
241,金馬,WORK_OF_ART
241,林美秀,PERSON
241,今年,DATE
241,宸頤,PERSON
241,周處除三害,CARDINAL
241,王淨,PERSON
241,五月,DATE
241,蔡寶珠,PERSON
241,北影,ORG
241,葉曉霏,PERSON
241,金馬,GPE
241,兩,CARDINAL
241,胡語恆,PERSON
241,尹茜蕾,PERSON
241,春風,PERSON
241,林可人,NORP
241,五月,DATE
241,張吉安,PERSON
241,程偉,PERSON
241,周處除三害,CARDINAL
241,黃精甫,PERSON
241,李鴻,PERSON
241,許立達,PERSON
241,香港,GPE
241,林家棟,PERSON
241,梁樂文,PERSON
241,七月,DATE
241,白靈,PERSON
241,楊偉倫,PERSON
241,麥沛東,PERSON
241,鄭中基,PERSON
241,陳漢娜,PERSON
241,歸綽嶢,PERSON
241,吳慷仁,PERSON
241,袁澧林,PERSON
241,金馬獎,WORK_OF_ART
241,月日,DATE
241,國父紀念館,FAC
241,月日,DATE
242,今天,DATE
242,台北,GPE
242,三,CARDINAL
242,多小時,TIME
242,七點半多,TIME
242,桂林,GPE
242,陳灰,PERSON
242,陳桂林,PERSON
242,三,CARDINAL
242,小英,PERSON
243,五月,DATE
243,陳浩維,PERSON
243,張不乙,PERSON
243,林璐,PERSON
243,彼岸,WORK_OF_ART
243,何思蔚,PERSON
243,公鹿,ORG
243,朱建安,PERSON
243,許鞍華,PERSON
243,蔡明亮,PERSON
243,山河,LOC
243,林正盛,PERSON
243,趙德胤,PERSON
243,青春春,PERSON
243,王兵,PERSON
243,朱云逸,PERSON
243,張弘榤,PERSON
243,劉人鳳,PERSON
243,袁楠茜,PERSON
243,八戒,PERSON
243,邱立偉,PERSON
243,鷺鷥河,PERSON
243,劉琬琳,PERSON
243,陳鏹,PERSON
243,夏夢迴,PERSON
243,陳嘉言,PERSON
243,黃曉傑,PERSON
243,王登鈺,PERSON
243,張晨曦,PERSON
243,黃驥,PERSON
243,大塚龍,PERSON
243,石門,FAC
243,程偉豪,PERSON
243,蕭雅全,PERSON
243,張吉安,PERSON
243,五月,DATE
243,黃精甫,PERSON
243,周處,PERSON
243,三害,CARDINAL
243,許光漢,PERSON
243,林柏宏,PERSON
243,吳慷仁富都,PERSON
243,王柏傑,PERSON
243,阮,PERSON
243,周處,PERSON
243,三,CARDINAL
243,胡伶,PERSON
243,林品彤,PERSON
243,鍾雪瑩,PERSON
243,陸小芬,PERSON
243,本日,DATE
243,余香凝,PERSON
243,陳澤耀,PERSON
243,黃梓樂,PERSON
243,陳慕義,PERSON
243,老狐狸,PERSON
243,傅孟柏,PERSON
243,本日,DATE
243,林保怡,PERSON
243,劉奕兒,PERSON
243,老狐狸,PERSON
243,陳意涵,PERSON
243,小曉,PERSON
243,萬芳,PERSON
243,五月,DATE
243,方志友,PERSON
243,本日,DATE
243,梁雍婷,PERSON
243,王禮霖,PERSON
243,卓亦謙,PERSON
243,李鴻其,PERSON
243,孫杰,PERSON
243,鄧金煌,PERSON
243,洪瑜鴻,PERSON
243,胡語恆,PERSON
243,謝詠欣,PERSON
243,葉曉霏,PERSON
243,黃驥大塚龍治,PERSON
243,卓亦謙,PERSON
243,靳家驊,PERSON
243,孫杰,PERSON
243,吳瑾蓉,PERSON
243,程偉豪,PERSON
243,黃綺琳,PERSON
243,五月雪,DATE
243,張吉安,PERSON
243,紫嫣,PERSON
243,包軒鳴,PERSON
243,五月,DATE
243,之駿,PERSON
243,余靜萍,PERSON
243,陳麒文,PERSON
243,石門,GPE
243,廖慶松,PERSON
243,大塚龍治,PERSON
243,陳俊宏,PERSON
243,卓亦謙,PERSON
243,孟儒,PERSON
243,周處除,PERSON
243,三,CARDINAL
243,黃精甫,PERSON
243,尤麗雯,PERSON
243,黃美清,PERSON
243,鄭嘉政,PERSON
243,黃美清,PERSON
243,吳若昀,PERSON
243,潘燚森,PERSON
243,謝靄霖,PERSON
243,富都,ORG
243,黃菊清,PERSON
243,高仙齡,PERSON
243,五月雪,DATE
243,黃菊清,PERSON
243,葉嘉茵,PERSON
243,蕭百宸,PERSON
243,劉顯嘉,PERSON
243,潘燚森,PERSON
243,陳巧倩,PERSON
243,嚴振欽,PERSON
243,林奇鋒,PERSON
243,林妍伶,PERSON
243,劉家萱,PERSON
243,李志緯,PERSON
243,周處,PERSON
243,三,CARDINAL
243,郭憲聰,PERSON
243,陳姵均,PERSON
243,王建程,PERSON
243,邱立偉,PERSON
243,俊雄,PERSON
243,洪昰顥,PERSON
243,洪昰顥,PERSON
243,吳俊希,PERSON
243,周處除,PERSON
243,三害,CARDINAL
243,洪昰顥,PERSON
243,胡序嵩,PERSON
243,李俊逸,PERSON
243,簡豐書,PERSON
243,孫思媛,PERSON
243,湯湘竹,PERSON
243,五月,DATE
243,雪杜篤,PERSON
243,吳書瑤,PERSON
243,陳冠廷,PERSON
243,杜篤,PERSON
243,黃元澤,PERSON
243,周處,PERSON
243,三,CARDINAL
243,簡豐書,PERSON
243,陳家俐,PERSON
243,楊家慎,PERSON
243,湯湘竹,PERSON
243,侯志堅,PERSON
243,小曉福多瑪,PERSON
243,盧律銘,PERSON
243,五月,DATE
243,余,PERSON
243,張吉安,PERSON
243,周處除,PERSON
243,林思妤,PERSON
243,巴督路,FAC
243,陳學聖,PERSON
243,葛,PERSON
243,蔡依林,PERSON
243,劉家凱,PERSON
243,蔡依林,PERSON
243,黃淑惠,PERSON
243,鳥仔,WORK_OF_ART
243,許惠婷,PERSON
243,侯志堅,PERSON
243,張吉安,PERSON
243,黃淑惠,PERSON
243,萬芳,PERSON
243,吳念真,PERSON
243,陳建騏,PERSON
243,洪佩瑜,PERSON
243,林仕肯,PERSON
243,陳坤厚,PERSON
243,林青霞,PERSON
243,五月,DATE
243,周處除,PERSON
243,小曉,PERSON
243,本日,DATE
243,鬼橋怨鬼樓,FAC
244,金馬執委會,ORG
244,聞天祥,PERSON
244,中港澳,GPE
244,星馬,GPE
244,林君陽,PERSON
244,卓亦謙,PERSON
244,簡君晉,PERSON
244,黃綺琳,PERSON
244,劉冠廷,PERSON
244,老狐狸,PERSON
244,黃衍仁,PERSON
244,戴立忍,PERSON
244,明天,DATE
244,昨天,DATE
244,林依晨,PERSON
244,玄天上帝,PERSON
244,宋芸樺,PERSON
244,姜大衛,PERSON
244,劉俊謙,PERSON
244,小曉,PERSON
244,曾敬驊,PERSON
244,薛仕凌,PERSON
244,周處,PERSON
244,三害,CARDINAL
244,胡楓,PERSON
244,項婕,PERSON
244,謝瓊煖,PERSON
244,林美秀,PERSON
244,蔡寶珠,PERSON
244,五月,DATE
244,王淨周處,PERSON
244,三害,CARDINAL
244,黃文英,PERSON
244,玄天上帝,PERSON
244,蘇奕瑄,PERSON
244,游智涵,PERSON
244,祝紫嫣,PERSON
244,黃國瑞,PERSON
244,歐陽永鋒,PERSON
244,許立達,PERSON
244,宋欣穎,PERSON
245,新聞網,ORG
245,金馬獎,WORK_OF_ART
245,今日,DATE
245,五月,DATE
245,中港澳部,GPE
245,星馬,GPE
245,五,CARDINAL
245,五,CARDINAL
245,胡伶,PERSON
245,林品彤,PERSON
245,金馬獎史,WORK_OF_ART
245,年嘉年,DATE
245,林品彤,PERSON
245,陳意涵,PERSON
245,余香凝,PERSON
245,偵查組,ORG
245,鍾雪瑩,PERSON
245,玄天,PERSON
245,林依晨,PERSON
245,宋芸樺,PERSON
245,阮經天,PERSON
245,三,CARDINAL
245,林柏宏,PERSON
245,許光,PERSON
245,漢,PERSON
245,吳慷仁,PERSON
245,白潤音,PERSON
245,劉冠廷,PERSON
245,黃梓樂,PERSON
245,今年,DATE
245,陳慕義,PERSON
245,台灣,GPE
245,傅,PERSON
245,孟博,PERSON
245,本日,DATE
245,陸小芬,PERSON
245,林保怡,PERSON
245,姜大衛,PERSON
245,小曉,PERSON
245,劉俊謙,PERSON
245,曾敬驊,PERSON
245,薛仕凌,PERSON
245,周處除,PERSON
245,三,CARDINAL
245,袁富華,PERSON
245,陳意涵,PERSON
245,陳意涵,PERSON
245,劉奕兒,PERSON
245,萬芳,PERSON
245,五月,DATE
245,馬來西亞人,NORP
245,梁雍婷,PERSON
245,林美秀,PERSON
245,五月,DATE
245,蔡寶珠,PERSON
245,周處除,PERSON
245,謝瓊煖,PERSON
245,王淨,PERSON
246,今年,DATE
246,中港澳電影相加共部,ORG
246,星馬,LOC
246,台灣共部,ORG
246,劇情長片部,ORG
246,周處除,PERSON
246,三,CARDINAL
246,小曉,PERSON
246,本日,DATE
246,長片部,ORG
246,夏天,DATE
246,鷺鷥河,LOC
246,劇情長片部,ORG
246,長片部,ORG
246,中國共部,ORG
246,劇情長片部,ORG
246,劇情長片部,ORG
246,劇情長片部,ORG
246,五月,DATE
246,劇情長片部,ORG
246,長片部,ORG
246,長片部,ORG
246,荷蘭共部,ORG
246,長片部,ORG
247,雷文,PERSON
247,昨天,DATE
247,阮,PERSON
247,王淨,PERSON
247,新光影城,ORG
247,新光,ORG
247,陳桂林,PERSON
247,阮經天,PERSON
247,陳桂林,PERSON
247,李李仁,PERSON
247,阮經天,PERSON
247,四年後,DATE
247,陳桂林,PERSON
247,關帝爺,PERSON
247,九,CARDINAL
247,前幾天,DATE
247,陳桂林,PERSON
247,陳桂林,PERSON
247,台灣,GPE
247,三,CARDINAL
247,香港仔,GPE
247,第三,ORDINAL
247,四年前,DATE
247,陳桂林,PERSON
247,兩,CARDINAL
247,第二,ORDINAL
247,香港仔,GPE
247,陳桂林,PERSON
247,香港仔,GPE
247,王淨,PERSON
247,香港仔,GPE
247,陳桂林,PERSON
247,香港仔,GPE
247,香港仔,GPE
247,香港仔,GPE
247,台中,GPE
247,台中,GPE
247,香港仔,GPE
247,澎湖,GPE
247,澎湖,GPE
247,靈修精舍,FAC
247,陳桂林,PERSON
247,陳桂林,PERSON
247,陳桂林,PERSON
247,陳桂林,PERSON
247,陳桂林,PERSON
247,陳桂林,PERSON
247,陳桂林,PERSON
247,陳桂林,PERSON
247,陳桂林,PERSON
247,張牛頭,PERSON
247,陳桂林,PERSON
247,第二,ORDINAL
247,關帝爺,PERSON
247,九,CARDINAL
247,九,CARDINAL
247,第三,ORDINAL
247,四,CARDINAL
247,陳桂林,PERSON
247,陳桂林,PERSON
247,陳桂林,PERSON
247,兩,CARDINAL
247,陳桂林,PERSON
247,台華輪,PRODUCT
247,威陳灰,PERSON
247,陳灰,PERSON
247,陳灰陳灰,PERSON
247,陳灰,PERSON
247,陳灰,PERSON
247,陳桂林,PERSON
247,周處,PERSON
247,陳桂林,PERSON
247,陳桂林,PERSON
247,陳桂林,PERSON
247,三,CARDINAL
247,王淨,PERSON
247,陳桂林,PERSON
247,陳桂林,PERSON
247,陳桂林,PERSON
247,陳桂林,PERSON
247,兩,CARDINAL
247,香港仔,GPE
247,陳桂林,PERSON
247,香港仔,GPE
247,陳桂林,PERSON
247,陳桂林,PERSON
247,陳桂林,PERSON
247,陳桂林民國年,PERSON
247,兩,CARDINAL
247,陳灰,PERSON
247,陳桂林,PERSON
247,陳桂林,PERSON
247,陳灰,PERSON
247,海軍,ORG
247,陳灰,PERSON
247,陳桂林,PERSON
247,兩,CARDINAL
247,陳難道,PERSON
247,陳桂林,PERSON
247,阮經天,PERSON
248,阮經天,PERSON
248,金馬,GPE
248,周處除,PERSON
248,中國時報,WORK_OF_ART
248,李承陽,PERSON
248,孫伊萱,PERSON
248,王淨左,PERSON
248,阮經天日,PERSON
248,松仁威秀,PERSON
248,三,CARDINAL
248,陳俊吉,PERSON
248,李烈,PERSON
248,黃精甫,PERSON
248,周處除,PERSON
248,三,CARDINAL
248,日,GPE
248,阮經天,PERSON
248,李仁王,PERSON
248,淨謝瓊煖,PERSON
248,曾珮瑜,PERSON
248,劉子銓,PERSON
248,麋,PERSON
248,馬獎,WORK_OF_ART
248,阮經天,PERSON
248,今年月,DATE
248,阮經天,PERSON
248,這兩天,DATE
248,今年,DATE
248,金馬,WORK_OF_ART
248,第帥,ORDINAL
248,王淨大,PERSON
248,日前,DATE
248,李烈,PERSON
248,阮經天,PERSON
248,阮經天,PERSON
248,金馬,PERSON
248,金馬獎,WORK_OF_ART
248,阮經天,PERSON
248,王,PERSON
248,阮經天,PERSON
248,金馬獎,WORK_OF_ART
248,王淨,PERSON
248,李烈,PERSON
248,王淨,PERSON
248,王淨,PERSON
248,阮經天,PERSON
248,周處,PERSON
248,高雄流行音樂中心,FAC
248,珊瑚礁群未來訊號站,FAC
248,日,GPE
248,阮經天,PERSON
248,李烈李李仁,PERSON
248,王淨,PERSON
248,王淨周處,PERSON
249,中國,GPE
249,東吳,ORG
249,蘇宜興人,NORP
249,周處,PERSON
249,三,CARDINAL
249,周處,PERSON
249,三,CARDINAL
249,周處,PERSON
249,周處,PERSON
249,三,CARDINAL
249,三,CARDINAL
249,周處,PERSON
249,周處,PERSON
249,三天三夜,TIME
249,周處,PERSON
249,周魴,PERSON
249,香港,NORP
249,金像獎,WORK_OF_ART
249,黃精甫,PERSON
249,三,CARDINAL
249,台灣,GPE
249,三,CARDINAL
249,周處除,PERSON
249,三害,CARDINAL
249,月日,DATE
249,金馬獎,WORK_OF_ART
249,前天,DATE
249,金馬獎,WORK_OF_ART
249,阮經天,PERSON
249,周處,PERSON
249,三,CARDINAL
249,二,CARDINAL
249,阮經天,PERSON
249,周處除,PERSON
249,三,CARDINAL
249,七,CARDINAL
249,香港仔,PERSON
249,袁富華,PERSON
249,三,CARDINAL
249,台灣,GPE
249,三,CARDINAL
249,二,CARDINAL
249,陳以文,PERSON
249,阮經天,PERSON
249,佛教,NORP
249,三,CARDINAL
249,黃精甫,PERSON
249,三,CARDINAL
249,三,CARDINAL
249,台,GPE
249,三,CARDINAL
249,香港仔,GPE
249,三,CARDINAL
249,桂林仔,PERSON
249,黃精甫,PERSON
249,周處,PERSON
249,三,CARDINAL
249,陳桂林,PERSON
249,張貴卿,PERSON
249,陳,PERSON
249,桂林,GPE
249,張貴卿,PERSON
249,那天,DATE
249,周處,PERSON
249,周處除,PERSON
249,兩,CARDINAL
249,陳桂林,PERSON
249,陳灰,PERSON
249,陳桂林,PERSON
249,香港,GPE
249,四年,DATE
249,陳桂林頓,PERSON
249,陳貴卿,PERSON
249,台,GPE
249,三,CARDINAL
249,兩,CARDINAL
249,陳貴卿,PERSON
249,周處,PERSON
249,周處,PERSON
249,香港仔,GPE
249,陳桂林,PERSON
249,陳貴卿,PERSON
249,香港仔,GPE
249,三,CARDINAL
249,陳桂林,PERSON
249,兩,CARDINAL
249,程小美,PERSON
249,香港仔,GPE
249,台灣,GPE
249,陳灰,PERSON
249,香港仔,GPE
249,陳灰,PERSON
249,香港仔,GPE
249,陳桂林,PERSON
249,台灣,GPE
249,半,CARDINAL
249,陳桂林,PERSON
249,澎湖靈修中心,FAC
249,香港仔,GPE
249,黃精甫,PERSON
249,陳,PERSON
249,桂林,GPE
249,陳桂林,PERSON
249,三,CARDINAL
249,陳桂林,PERSON
249,三,CARDINAL
249,陳貴卿,PERSON
249,陳桂林,PERSON
249,陳桂林,PERSON
249,周處,PERSON
249,黃精甫,PERSON
249,三,CARDINAL
249,台灣,GPE
249,香港,GPE
249,三,CARDINAL
249,台灣,GPE
249,台灣,GPE
249,黃精甫,PERSON
249,香港,GPE
249,台灣,GPE
249,周處除,PERSON
249,三,CARDINAL
249,金馬獎,WORK_OF_ART
249,七,CARDINAL
249,袁富華,PERSON
249,周處,PERSON
249,三,CARDINAL
249,半,CARDINAL
249,兩,CARDINAL
249,周處,PERSON
249,三,CARDINAL
249,兩,CARDINAL
249,王柏傑,PERSON
249,阮經天,PERSON
249,王柏傑,PERSON
249,阮經天,PERSON
249,艋舺,GPE
249,周處,PERSON
249,三,CARDINAL
249,阮經天,PERSON
249,阮經天,PERSON
249,二,CARDINAL
249,王柏傑,PERSON
249,台灣,NORP
249,阮經天,PERSON
249,陳,PERSON
249,桂林,GPE
249,阮經天,PERSON
249,陳桂林,PERSON
249,二,CARDINAL
249,吳慷,PERSON
250,今天,DATE
250,艋舺,GPE
250,阮經天,PERSON
250,早到十幾年前,DATE
250,陳桂林,PERSON
250,金馬,WORK_OF_ART
250,二,CARDINAL
250,香港仔,GPE
250,袁富華,PERSON
250,粵語,LANGUAGE
250,阮經天,PERSON
250,陳以文,PERSON
250,第三,ORDINAL
250,昆丁,PERSON
250,比爾,PERSON
250,昆丁,PERSON
250,二王淨,PERSON
250,李李仁,PERSON
250,第三,ORDINAL
250,三,CARDINAL
250,陳桂林,PERSON
251,昆汀,PERSON
251,阮經天,PERSON
251,二,CARDINAL
251,金馬,WORK_OF_ART
251,阮經天,PERSON
251,艋舺,GPE
251,大陸,GPE
251,香港,NORP
251,袁富華,PERSON
251,帕布羅,PERSON
251,王淨,PERSON
251,李李仁,PERSON
251,陳以文,PERSON
252,阮經天,PERSON
252,幾年前,DATE
252,王淨號,PERSON
253,陳桂琳,PERSON
253,香港仔,GPE
253,台中人,NORP
253,第三,ORDINAL
253,中山醫學大學,ORG
253,半小時,TIME
253,陳桂林,PERSON
253,陳灰,PERSON
253,第二,ORDINAL
253,二,CARDINAL
253,兩,CARDINAL
254,王淨腦,PERSON
254,王淨,PERSON
254,陳以文,PERSON
254,桂林仔,PERSON
254,王淨會,PERSON
254,王淨唱,PERSON
255,小雷,PERSON
255,劉煥榮,PERSON
255,劉煥榮,PERSON
255,劉煥榮,PERSON
255,竹聯幫,ORG
255,中國,GPE
255,阮經天,PERSON
255,劉煥榮,PERSON
255,中華民國,GPE
255,中華民國,GPE
255,陳桂琳,PERSON
255,劉煥榮,PERSON
256,桂林仔,PERSON
256,洪爺,GPE
256,洪仁,PERSON
256,黃精甫,PERSON
256,江湖裡,PERSON
256,劉德華,PERSON
256,桂林仔,PERSON
256,港片,NORP
257,今天,DATE
257,陳桂琳,PERSON
257,半,CARDINAL
258,本週,DATE
258,五,CARDINAL
258,德古拉,PERSON
258,三害萬,CARDINAL
259,二,CARDINAL
259,第三,ORDINAL
259,第二,ORDINAL
259,香港仔,GPE
259,兩,CARDINAL
259,第二,ORDINAL
259,陳,PERSON
259,香港仔,GPE
259,兩,CARDINAL
259,第三,ORDINAL
259,林祿,PERSON
259,阮經天秀,PERSON
259,二,CARDINAL
259,四,CARDINAL
259,兩,CARDINAL
259,陳桂林,PERSON
259,香港仔林祿和,PERSON
259,三,CARDINAL
260,今天,DATE
260,周處,PERSON
260,三,CARDINAL
260,韓國,GPE
260,阮經天,PERSON
260,王淨,PERSON
261,陳桂林,PERSON
261,陳桂林,PERSON
261,明白白,PERSON
261,陳桂林,PERSON
261,金鋼狼,PERSON
261,第二,ORDINAL
261,陳灰,PERSON
261,陳桂林,PERSON
261,第三,ORDINAL
261,陳桂林,PERSON
261,香港仔,PERSON
261,陳灰,PERSON
261,陳桂林,PERSON
261,周處,PERSON
261,台灣,GPE
262,陳桂林,PERSON
263,雷文,PERSON
263,阮經天,PERSON
263,二號,DATE
263,兩,CARDINAL
263,兩,CARDINAL
263,二號,DATE
263,台灣,GPE
263,第二,ORDINAL
263,半天,DATE
263,阿季,PERSON
263,台灣,GPE
263,台灣,GPE
263,阿,GPE
263,年前,DATE
263,兩,CARDINAL
264,月初,DATE
264,周處,PERSON
264,陳灰,PERSON
264,第二,ORDINAL
264,第三,ORDINAL
264,香港仔,GPE
264,陳桂林,PERSON
264,王淨,PERSON
264,香港仔,GPE
264,陳桂林,PERSON
264,第四,ORDINAL
264,陳桂林,PERSON
264,林祿,PERSON
264,陳桂林,PERSON
264,里路,PERSON
264,第三,ORDINAL
264,香港仔,GPE
264,陳灰,PERSON
264,陳灰眼,PERSON
264,陳桂林,PERSON
264,香港仔,GPE
264,香港仔,GPE
264,陳桂,PERSON
264,陳桂文,PERSON
264,解放邪教,ORG
264,阮經天,PERSON
265,雷文,PERSON
265,周處除,PERSON
265,三害,CARDINAL
265,信義,GPE
265,周處除,PERSON
265,香港,NORP
265,黃精甫,PERSON
265,陳灰,PERSON
265,陳桂林,PERSON
265,周處,PERSON
265,港,GPE
265,台灣,GPE
265,台灣,NORP
265,周處,PERSON
265,阮經天,PERSON
265,陳桂,PERSON
265,林,PERSON
265,香港仔,GPE
265,周處,PERSON
265,綠川,LOC
265,陳桂林,PERSON
265,陳桂林,PERSON
265,香港仔,GPE
265,三,CARDINAL
265,陳,PERSON
265,陳桂林,PERSON
265,陳桂林,PERSON
265,香港仔,GPE
265,阮經天,PERSON
265,第二,ORDINAL
265,澎湖,LOC
265,第二,ORDINAL
265,林祿和,PERSON
265,陳桂林,PERSON
265,九,CARDINAL
265,九,CARDINAL
265,九,CARDINAL
265,陳桂林,PERSON
265,陳桂林,PERSON
265,王淨,PERSON
265,周處,PERSON
265,阮,PERSON
265,陳以文,PERSON
265,周處,PERSON
265,東吳,PERSON
265,陳桂林,PERSON
265,陳灰,PERSON
265,陳桂林,PERSON
265,阮經天,PERSON
265,周處,PERSON
265,三,CARDINAL
265,阮經天,PERSON
265,王淨,PERSON
265,香港仔,GPE
265,陳灰,PERSON
265,陳桂林,PERSON
265,周處,PERSON
265,周處除,PERSON
265,三,CARDINAL
265,香港仔,GPE
265,陳桂林,PERSON
265,陳灰,PERSON
265,周處,PERSON
265,台灣,NORP
266,李烈,PERSON
266,阮經天,PERSON
266,第二,ORDINAL
266,桂林,GPE
266,桂林,GPE
266,香港仔,GPE
266,桂林,GPE
266,桂林,GPE
266,三,CARDINAL
266,周處,PERSON
266,周處,PERSON
266,兩,CARDINAL
266,三,CARDINAL
266,陳,PERSON
266,桂林,GPE
266,阮,PERSON
267,周處除,PERSON
267,黃精甫,PERSON
267,阮經天,PERSON
267,黃精甫,PERSON
267,第部,ORDINAL
267,江湖,WORK_OF_ART
267,香港,NORP
267,金像獎,WORK_OF_ART
267,江湖,PERSON
267,劉德華,PERSON
267,張學友,PERSON
267,余文樂,PERSON
267,陳冠希,PERSON
267,吳倩蓮,PERSON
267,曾志偉,PERSON
267,林家棟,PERSON
267,阮經天,PERSON
267,劉德華,PERSON
267,陳冠希,PERSON
267,江湖,PERSON
267,黃精甫,PERSON
267,天超炫砲,PRODUCT
267,周處,PERSON
267,三,CARDINAL
267,台灣,GPE
267,阮經天,PERSON
267,周處,PERSON
267,黃精甫,PERSON
267,北野武,PERSON
267,昆汀,PERSON
267,傑克蓋,PERSON
267,仲夏,PERSON
267,李李仁,PERSON
267,陳以文,PERSON
267,三害,CARDINAL
267,昆汀,PERSON
267,北野武,PERSON
267,香港人,NORP
268,今天,DATE
268,周處,PERSON
268,李李仁,PERSON
268,第二,ORDINAL
268,香港仔,GPE
268,香港,GPE
268,江湖,PERSON
268,香港,NORP
268,邱若男,PERSON
268,香港仔,GPE
268,港片,NORP
268,第三,ORDINAL
268,台灣,GPE
268,昆丁,PERSON
268,比爾,PERSON
268,上帝,PERSON
268,陳以文,PERSON
268,周處,PERSON
268,安順哥,PERSON
268,李李仁,PERSON
268,陳灰,PERSON
269,阮,PERSON
269,陳灰,PERSON
269,阮經天,PERSON
269,陳以文,PERSON
269,哩麥毫小,PERSON
269,林祿,PERSON
269,普普,PERSON
269,鄭有傑,PERSON
269,香港仔,GPE
269,王淨,PERSON
269,李李仁,PERSON
270,雷文,PERSON
270,負雷,PERSON
270,阿季,PERSON
270,王淨,PERSON
270,蘿莉,PERSON
270,這幾年,DATE
270,台灣,GPE
270,李李仁,PERSON
270,阮經天,PERSON
270,阮經天,PERSON
270,袁富華,PERSON
270,阮經天,PERSON
270,袁富華,PERSON
270,陳以文,PERSON
270,三,CARDINAL
270,袁富華,PERSON
270,袁富華,PERSON
270,香港,NORP
270,黃精甫,PERSON
270,台灣,GPE
271,桂林,GPE
271,二十年前,DATE
271,香港仔,GPE
271,小美媽媽,FAC
271,香港仔,GPE
271,桂林仔,PERSON
271,香港仔,GPE
271,桂林,GPE
272,周處除,PERSON
272,三,CARDINAL
272,阮經天,PERSON
272,陳灰,PERSON
272,小美,PERSON
272,兩,CARDINAL
272,袁富華,PERSON
272,陳以文,PERSON
272,陳灰,PERSON
272,三,CARDINAL
272,王淨,PERSON
272,陳桂林,PERSON
272,兩,CARDINAL
272,袁富華,PERSON
272,陳以文,PERSON
272,香港仔,GPE
272,阮經天,PERSON
272,袁富華,PERSON
272,陳以文,PERSON
272,英文,LANGUAGE
272,三,CARDINAL
272,香港仔,ORG
272,袁富華,PERSON
272,陳以文,PERSON
272,陳桂林,PERSON
272,袁富華,PERSON
272,陳以文,PERSON
273,近年,DATE
273,謝瓊煖,PERSON
274,麋,PERSON
274,阮經天,PERSON
274,麋,PERSON
274,三,CARDINAL
274,阮經天,PERSON
274,王淨右,PERSON
274,四,CARDINAL
274,陳慧玲,PERSON
274,台北,GPE
274,金曲獎,WORK_OF_ART
274,麋,PERSON
274,阮,PERSON
274,周處除,PERSON
274,麋,PERSON
274,麋,PERSON
274,聖皓,PERSON
274,阮經天,PERSON
274,三,CARDINAL
274,金馬獎,WORK_OF_ART
274,前幾天,DATE
274,麋,PERSON
274,阮經天王淨,PERSON
274,李烈,PERSON
274,阮,PERSON
274,麋,PERSON
274,阮經天,PERSON
274,麋,PERSON
275,琇琴,PERSON
275,王淨,PERSON
275,廣末涼子,PERSON
275,華,GPE
276,雷文,PERSON
276,台灣人,NORP
276,日本,NORP
276,好萊塢,ORG
276,胡金銓,PERSON
276,龍門客棧,FAC
276,俠女,PERSON
276,台灣,NORP
276,台灣,NORP
276,台灣,NORP
276,台灣人,NORP
276,台灣,NORP
276,九,CARDINAL
276,程偉豪,PERSON
276,周處,PERSON
276,周處,PERSON
276,三,CARDINAL
276,台灣,GPE
276,三,CARDINAL
276,台灣,NORP
276,台灣,GPE
276,好萊塢,ORG
276,明天,DATE
276,香港,NORP
276,台灣,GPE
276,黃精甫,PERSON
276,香港,GPE
276,陳桂林,PERSON
276,台灣,GPE
276,陳桂林,PERSON
276,三,CARDINAL
276,兩,CARDINAL
276,英文,LANGUAGE
276,台灣,GPE
276,英文,LANGUAGE
276,陳桂林,PERSON
276,陳桂林,PERSON
276,兩,CARDINAL
276,三,CARDINAL
276,陳桂林,PERSON
276,阮經天,PERSON
276,李李仁,PERSON
276,兩,CARDINAL
276,台灣,GPE
276,周處除,PERSON
276,二,CARDINAL
276,陳桂林,PERSON
276,台北,GPE
276,台中,GPE
276,香港仔,GPE
276,法,GPE
276,香港仔,GPE
276,袁富華,PERSON
276,王淨,PERSON
276,曾志偉,PERSON
276,袁富華,PERSON
276,王淨楚楚,PERSON
276,香港仔,GPE
276,陳桂林,PERSON
276,阮經天,PERSON
276,阮經天,PERSON
276,王淨,PERSON
276,賽吉奧里昂尼式,PERSON
276,台中,GPE
276,夜晚,TIME
276,兩,CARDINAL
276,台灣,GPE
276,周處,PERSON
276,三,CARDINAL
276,陳桂,PERSON
276,陳以文,PERSON
276,周處除,PERSON
276,三,CARDINAL
276,台灣,NORP
276,好萊塢,ORG
276,韓國,GPE
276,香港,GPE
276,台灣,GPE
276,台灣,GPE
276,陳桂林,PERSON
276,陳,PERSON
276,桂林,GPE
276,陳桂,PERSON
276,周處除,PERSON
276,三,CARDINAL
276,三,CARDINAL
276,今年,DATE
276,台灣,NORP
276,台,GPE
276,周處除三害,PERSON
276,周處,PERSON
276,三,CARDINAL
276,香港,GPE
276,沃夫岡,PERSON
276,彼得森,PERSON
276,空軍號保羅范赫文,PERSON
276,雷利史考特,PERSON
276,吳宇森,PERSON
276,德國,GPE
276,荷蘭,GPE
276,香港,GPE
276,好萊塢,ORG
276,美,GPE
276,台灣,GPE
276,胡金銓,PERSON
276,李翰祥,PERSON
276,香港,GPE
276,台灣,GPE
276,馬來西亞,GPE
276,蔡明亮,PERSON
276,台灣,NORP
276,台灣,GPE
276,三,CARDINAL
276,台灣,GPE
277,雷文,PERSON
277,香港,NORP
277,阮經天,PERSON
277,陳桂林,PERSON
277,陳桂林,PERSON
277,陳桂林,PERSON
277,靈修中心,FAC
277,陳桂林,PERSON
277,牛頭仔,PERSON
277,陳桂林,PERSON
277,昆汀,PERSON
278,下午,TIME
278,阮,PERSON
278,阮,PERSON
278,阮,PERSON
278,李李仁,PERSON
278,李哥,PERSON
278,李,PERSON
278,三,CARDINAL
278,香港仔,GPE
278,香港仔,GPE
278,香港仔,GPE
278,七,CARDINAL
278,兩,CARDINAL
278,香港仔,GPE
278,香港仔,GPE
278,兩,CARDINAL
278,阮,PERSON
278,香港仔,GPE
278,阮開,PERSON
278,香港仔,GPE
278,阮,PERSON
278,香港仔,GPE
278,阮,PERSON
278,十數,CARDINAL
279,台灣,NORP
279,周處除,PERSON
279,三,CARDINAL
279,台灣,NORP
279,周處,PERSON
279,三,CARDINAL
279,台灣,NORP
279,周處除三害,PERSON
279,香港,NORP
279,黃精甫,PERSON
279,香港,GPE
279,香港,NORP
279,台灣,GPE
279,台灣,GPE
279,台港,NORP
279,台,GPE
279,港,GPE
279,周處除,PERSON
279,三,CARDINAL
279,英文,LANGUAGE
279,三,CARDINAL
279,佛教,NORP
279,三,CARDINAL
279,第三,ORDINAL
279,第二,ORDINAL
279,陳桂林,PERSON
279,陳桂,PERSON
279,陳桂林,PERSON
279,關聖帝君,PERSON
279,第三,ORDINAL
279,兩,CARDINAL
279,比爾,PERSON
279,陳桂林,PERSON
279,第二,ORDINAL
279,香港仔,GPE
279,陳桂林,PERSON
279,陳桂林,PERSON
279,陳桂林,PERSON
279,陳桂,PERSON
279,林,PERSON
279,三,CARDINAL
279,陳灰,PERSON
279,陳桂林,PERSON
279,兩,CARDINAL
279,香港仔,GPE
279,這小時,TIME
279,周處除,PERSON
279,陳桂林,PERSON
279,陳灰,PERSON
279,河邊溫室禮堂,FAC
279,三,CARDINAL
279,今年,DATE
279,台灣,GPE
279,台灣,GPE
279,李轅,PERSON
279,第次,ORDINAL
280,周處除三害,PERSON
280,千,CARDINAL
280,黃閔,PERSON
280,台北,GPE
280,錢人豪,PERSON
280,日前,DATE
280,多年,DATE
280,阮經天,PERSON
280,周處除三害,CARDINAL
280,黃精甫,PERSON
280,黃精甫,PERSON
280,周處,PERSON
280,周處,PERSON
280,黃精甫,PERSON
280,第次,ORDINAL
280,周處,PERSON
280,陳,PERSON
280,錢,PERSON
280,麥,PERSON
280,陳錢,PERSON
280,陳灰,PERSON
280,張貴卿,PERSON
280,隔年,DATE
280,黃精甫,PERSON
280,港,GPE
280,曾,PERSON
280,周處,PERSON
280,香港,GPE
280,韓國,GPE
280,日本,GPE
280,周處,PERSON
280,台北台,GPE
280,林育賢,PERSON
280,李烈,PERSON
280,黃江豐,PERSON
280,周處,PERSON
280,年月,DATE
280,周處,PERSON
280,三,CARDINAL
280,黃精甫,PERSON
280,三,CARDINAL
280,今天,DATE
280,周處,PERSON
280,三,CARDINAL
280,周處,PERSON
280,十年,DATE
280,三,CARDINAL
280,黃精甫,PERSON
280,三,CARDINAL
280,黃精甫,PERSON
280,周處除三害,PERSON
280,周處,PERSON
280,周處,PERSON
280,第三十三,ORDINAL
280,科國際電影節,EVENT
280,莫斯科,GPE
280,三,CARDINAL
280,第次,ORDINAL
280,周處,PERSON
280,陳,PERSON
280,錢,PERSON
280,麥,PERSON
280,陳錢,PERSON
280,陳灰,PERSON
280,張貴卿,PERSON
280,大陸,GPE
280,港,GPE
280,曾,PERSON
280,周處,PERSON
280,香港韓國,GPE
280,日本,GPE
280,三,CARDINAL
280,周處,PERSON
280,台北台,GPE
280,東京,GPE
280,五年,DATE
280,台灣,GPE
280,林育賢,PERSON
280,李烈,PERSON
280,黃江豐,PERSON
280,周處,PERSON
280,年月,DATE
280,周處,PERSON
280,三,CARDINAL
280,三,CARDINAL
280,今天,DATE
280,周處除,PERSON
280,三,CARDINAL
280,周處,PERSON
280,十年,DATE
280,三,CARDINAL
280,山大,ORG
280,黃精甫,PERSON
280,年月日,DATE
281,雷文,PERSON
282,錢人豪,PERSON
282,今晚,TIME
282,錢人豪,PERSON
282,兩,CARDINAL
282,周處,PERSON
282,幾個月,DATE
282,台北市府行銷會議,EVENT
282,萬,CARDINAL
282,香港,NORP
282,黃,PERSON
282,香港,NORP
282,黃,PERSON
282,台灣,GPE
282,台灣,NORP
282,黃,PERSON
282,少林足球,ORG
282,錢人豪,PERSON
282,港,GPE
282,陳,PERSON
282,三,ORDINAL
283,黃精甫,PERSON
283,香港,GPE
283,當天,DATE
283,黃,PERSON
283,江湖,PERSON
283,韓國,NORP
283,當天,DATE
283,江湖二,PERSON
283,陳,PERSON
283,麥,PERSON
283,錢,PERSON
283,黃,PERSON
283,當晚,TIME
283,香港,GPE
283,當晚,TIME
283,彌敦酒店,FAC
283,四,CARDINAL
283,香港,GPE
283,彌敦酒店,FAC
283,香港,GPE
283,江湖,PERSON
283,兩,CARDINAL
283,台灣,GPE
283,台灣,GPE
283,黃,PERSON
283,李烈,PERSON
283,周處,PERSON
283,年月,DATE
283,黃,PERSON
283,陳廣州,PERSON
283,陳火,PERSON
283,陳灰,PERSON
283,第二,ORDINAL
283,第三,ORDINAL
283,二,CARDINAL
283,十幾年,DATE
283,台灣,GPE
283,台灣,GPE
283,香港,NORP
283,台灣,GPE
283,台灣,GPE
283,錢人豪,PERSON
284,阮經天,PERSON
284,阮經天,PERSON
284,阮經天,PERSON
284,三,CARDINAL
284,桂林仔,PERSON
284,第三,ORDINAL
284,兩,CARDINAL
284,三,CARDINAL
284,周處除,PERSON
284,三,CARDINAL
284,桂林仔,PERSON
284,陳灰,PERSON
284,李李,PERSON
284,仁飾,PERSON
284,香港,NORP
284,黃精甫,PERSON
284,港片,NORP
284,洪昰顥,PERSON
284,四年後,DATE
284,桂林仔,PERSON
284,這四年,DATE
284,香港仔,GPE
284,周處,PERSON
284,三,CARDINAL
284,三,CARDINAL
284,周處,PERSON
284,桂林仔,PERSON
284,比爾,PERSON
284,李李仁,PERSON
284,翠絲,PERSON
284,袁富華,PERSON
284,陳以文,PERSON
284,黃精甫,PERSON
284,桂林仔,PERSON
284,三,CARDINAL
284,香港,NORP
284,王金城,PERSON
284,金馬,WORK_OF_ART
284,桂林仔,PERSON
284,桂林仔,PERSON
284,桂林仔,PERSON
284,陳桂林,PERSON
285,雷文,PERSON
285,今天,DATE
285,周處,PERSON
285,三,CARDINAL
285,十,CARDINAL
285,桂林仔,PERSON
285,桂林仔,PERSON
285,周處除三害,PERSON
285,林祿和,PERSON
285,澎湖,GPE
285,林祿,PERSON
285,陳桂林,PERSON
285,陳桂林,PERSON
285,四,CARDINAL
285,王淨,PERSON
286,阮經天,PERSON
286,台灣,GPE
286,阮經天,PERSON
286,桂林哥,PERSON
286,兩,CARDINAL
286,李李仁,PERSON
286,陳桂林,PERSON
286,桂林哥,PERSON
286,台華,GPE
286,澎湖,LOC
286,台,GPE
286,三,CARDINAL
286,老二,ORDINAL
286,台灣,GPE
286,李李仁,PERSON
286,島,LOC
286,陳灰,PERSON
286,陳桂林,PERSON
286,陳灰,PERSON
286,陳桂林,PERSON
286,四年,DATE
286,王淨,PERSON
286,兩,CARDINAL
286,陳,PERSON
286,台灣,NORP
287,周處除三害,PERSON
287,澄清錢,PERSON
287,林彥廷,PERSON
287,台北市,GPE
287,周處除,PERSON
287,三,CARDINAL
287,金馬獎項,WORK_OF_ART
287,很多年,DATE
287,周處除,PERSON
287,三,CARDINAL
287,黃精甫,PERSON
287,阮經天,PERSON
287,王淨,PERSON
287,黃精甫,PERSON
287,錢人豪,PERSON
287,周處,PERSON
287,錢人豪,PERSON
287,錢人豪,PERSON
287,至年,DATE
287,兩,CARDINAL
287,錢人豪,PERSON
287,香港,GPE
287,周處除,PERSON
287,黃精甫,PERSON
287,周處除,PERSON
287,三,CARDINAL
287,黃精甫,PERSON
287,周處,PERSON
287,兩,CARDINAL
287,兩,CARDINAL
287,黃精甫,PERSON
287,周處,PERSON
287,三,CARDINAL
287,今天,DATE
287,周處,PERSON
287,三,CARDINAL
287,黃精甫,PERSON
287,周處,PERSON
287,三,CARDINAL
287,黃精甫,PERSON
287,法,GPE
287,阮經天,PERSON
287,王淨,PERSON
287,黃精甫,PERSON
287,錢人豪,PERSON
287,周處,PERSON
287,錢人豪,PERSON
287,今日,DATE
287,黃精甫,PERSON
287,黃精甫,PERSON
287,錢人豪,PERSON
287,黃,PERSON
287,幾年,DATE
287,黃,PERSON
287,黃,PERSON
288,雷雷雷雷雷,PERSON
288,雷雷雷雷雷,PERSON
288,周處除,PERSON
288,三,CARDINAL
288,陳桂林,PERSON
288,香港仔,GPE
288,十,CARDINAL
288,陳韋劭,PERSON
288,台北,GPE
288,阮經天,PERSON
288,三害日,DATE
288,台,GPE
288,首周,DATE
288,黃精甫,PERSON
288,阮經天,PERSON
288,陳桂林,PERSON
288,台灣,GPE
288,十,CARDINAL
288,劉煥榮,PERSON
288,袁富華,PERSON
288,港仔,LOC
288,吳興街,LOC
288,十,CARDINAL
288,陳新發,PERSON
288,周處除三害,PERSON
288,西晉時期,DATE
288,義興,PERSON
288,周處,PERSON
288,義興,PERSON
288,周處,PERSON
288,南山,LOC
288,三,CARDINAL
288,周處,PERSON
288,周處,PERSON
288,三,CARDINAL
288,周處除,PERSON
288,阮經天,PERSON
288,陳桂林,PERSON
288,台灣,GPE
288,劉煥榮,PERSON
288,台灣,GPE
288,劉煥榮,PERSON
288,劉,PERSON
288,煥榮,PERSON
288,竹聯幫,ORG
288,十,CARDINAL
288,劉煥榮,PERSON
288,日本,GPE
288,日本,GPE
288,台,GPE
288,年月,DATE
288,阮,PERSON
288,陳桂林,PERSON
288,三,CARDINAL
288,香港仔,GPE
288,第三,ORDINAL
288,香港仔,GPE
288,袁富華,PERSON
288,香港仔,GPE
288,第二,ORDINAL
288,香港仔,GPE
288,吳,PERSON
288,興街槍戰,EVENT
288,吳興街,FAC
288,陳新發,PERSON
288,十,CARDINAL
288,當年,DATE
288,北市,GPE
288,吳興街,LOC
288,百,CARDINAL
288,千多,CARDINAL
288,台,GPE
288,陳新發,PERSON
288,陳新發,PERSON
288,陳根龍,PERSON
288,張耀天,PERSON
288,三,CARDINAL
288,香港仔,GPE
288,吳興街,LOC
288,香港仔,GPE
288,陳新發,PERSON
289,周處除三,PERSON
289,三,CARDINAL
290,三害,CARDINAL
290,台灣,NORP
291,黃,PERSON
291,東京,GPE
291,五年,DATE
291,台灣,GPE
291,林育賢,PERSON
291,李烈,PERSON
291,黃江豐,PERSON
291,周處,PERSON
291,年月,DATE
291,周處,PERSON
291,三,CARDINAL
291,黃,PERSON
291,黃會,PERSON
292,三,CARDINAL
292,第三,ORDINAL
292,三天內,DATE
292,台灣,NORP
292,昨天,DATE
292,李烈,PERSON
292,十幾年,DATE
292,今年月,DATE
292,台北市文化局,ORG
292,李烈當,PERSON
292,牽猴子公司,ORG
292,三,CARDINAL
292,幾千萬,CARDINAL
292,歌利亞,PERSON
293,今天,DATE
293,雷慎,PERSON
293,半年後,DATE
294,陳,PERSON
294,四,CARDINAL
294,塔利班,ORG
294,陳,PERSON
295,陳桂林,PERSON
295,兩,CARDINAL
295,陳灰,PERSON
295,兩,CARDINAL
296,前幾天,DATE
296,周處,PERSON
296,王淨花,PERSON
296,香港仔,GPE
296,八點,TIME
296,八點,TIME
296,李李仁,PERSON
297,貴卿,PERSON
297,阮經天,PERSON
297,阮,PERSON
297,澎湖邪教,ORG
297,阮經天,PERSON
297,半,CARDINAL
298,好雷,PERSON
298,艋舺,GPE
298,桂林仔,PERSON
298,香港仔,GPE
298,第二,ORDINAL
298,兩,CARDINAL
298,陳灰,PERSON
298,第二,ORDINAL
298,香港仔,GPE
298,第三,ORDINAL
298,第二,ORDINAL
298,陳桂林,PERSON
298,第二,ORDINAL
298,分鐘,TIME
298,今天,DATE
298,半,CARDINAL
298,三,CARDINAL
298,陳桂林,PERSON
298,晚上,TIME
298,分鐘,TIME
298,陳桂林,PERSON
298,陳桂林,PERSON
298,四,CARDINAL
298,三,CARDINAL
298,周處,PERSON
298,陳桂林,PERSON
298,桂卿,PERSON
298,陳桂林,PERSON
298,五,CARDINAL
298,陳桂林,PERSON
298,澎湖,LOC
298,分鐘,TIME
298,六陳灰,PERSON
298,甲賽,GPE
298,陳桂林,PERSON
298,香港仔,GPE
298,陳桂林,PERSON
298,香港仔,GPE
298,陳桂林,PERSON
298,七,CARDINAL
298,八,CARDINAL
298,陳桂林,PERSON
298,美式,NORP
298,美式,NORP
298,義式,GPE
299,阮經天,PERSON
299,雷文,PERSON
299,艋舺,GPE
299,艋舺,GPE
299,十年前,DATE
299,林祿,PERSON
299,王淨,PERSON
300,雷雷雷,PERSON
300,雷,PERSON
300,陳輝,PERSON
300,陳桂琳,PERSON
300,蔡英文,PERSON
300,陳桂琳,PERSON
300,二號,DATE
300,陳桂琳,PERSON
301,阮李王,PERSON
301,三,CARDINAL
301,三,CARDINAL
301,阮,PERSON
301,十五分鐘,TIME
301,桂林,GPE
301,李李仁,PERSON
301,李仁哥,PERSON
301,李仁哥,PERSON
301,帥度,PERSON
302,金馬影展,EVENT
302,台灣,GPE
302,周處除三害,CARDINAL
302,鬼橋怨鬼樓,FAC
302,五月,DATE
302,雪海鵬,PERSON
302,華納,PERSON
302,富都,ORG
302,小曉,PERSON
302,青春春,PERSON
302,本日,DATE
303,周處,PERSON
303,三,CARDINAL
303,華納公司,ORG
304,金馬獎,WORK_OF_ART
304,金馬,GPE
304,金馬執委會,ORG
304,今日,DATE
304,金馬獎,WORK_OF_ART
304,金馬執委會,ORG
304,李屏賓,PERSON
304,李安,PERSON
304,三,CARDINAL
304,金馬獎,WORK_OF_ART
304,許鞍華,PERSON
304,威尼斯金獅獎,WORK_OF_ART
304,北野武,PERSON
304,坎,PERSON
304,城影帝,PERSON
304,日本,NORP
304,妻夫木聰,PERSON
304,張震,PERSON
304,李康生,PERSON
304,陳以文阮,PERSON
304,張艾嘉,PERSON
304,陳淑芳,PERSON
304,楊貴媚,PERSON
304,李心潔,PERSON
304,桂綸鎂,PERSON
304,陳湘琪,PERSON
304,謝盈萱,PERSON
304,柯震東,PERSON
304,林柏宏,PERSON
304,劉冠廷,PERSON
304,王渝萱,PERSON
304,朱軒洋,PERSON
304,范少勳,PERSON
304,金馬獎,WORK_OF_ART
304,許光漢,PERSON
304,王淨,PERSON
304,宋芸樺,PERSON
304,袁澧林,PERSON
304,柯煒林,PERSON
304,劉俊謙,PERSON
304,兩,CARDINAL
304,金馬獎,WORK_OF_ART
304,林志玲,PERSON
304,聚金馬,GPE
304,日本,NORP
304,北野武,PERSON
304,科坎城,GPE
304,影帝役,ORG
304,廣司,NORP
304,日本,NORP
304,后滿島光,PERSON
304,兩,CARDINAL
304,金馬獎,WORK_OF_ART
304,日文,LANGUAGE
304,林志玲,PERSON
304,北野武,PERSON
304,日本,GPE
304,光漢,PERSON
304,亞洲,NORP
304,聶隱娘,PERSON
304,張震,PERSON
304,日本,NORP
304,金像獎,WORK_OF_ART
304,三,CARDINAL
304,三,CARDINAL
304,金馬獎,WORK_OF_ART
304,張艾嘉,PERSON
304,陳淑芳,PERSON
304,李心潔,PERSON
304,桂綸鎂,PERSON
304,陳湘琪,PERSON
304,謝盈萱,PERSON
304,五,CARDINAL
304,林柏宏,PERSON
304,七年前,DATE
304,許鞍華,PERSON
304,劉冠廷,PERSON
304,袁澧林,PERSON
304,濁水,LOC
304,柯煒林,PERSON
304,阿修羅,PERSON
304,王渝萱,PERSON
304,港,GPE
304,台,GPE
304,兩,CARDINAL
304,周處,GPE
304,三害,CARDINAL
304,金馬,WORK_OF_ART
304,陳以文,PERSON
304,阮經天,PERSON
304,鼎,PERSON
304,王淨和,PERSON
304,朱軒洋,PERSON
304,柯震東,PERSON
304,宋芸樺,PERSON
304,金馬,WORK_OF_ART
304,李康生,PERSON
304,金馬,WORK_OF_ART
304,楊貴媚,PERSON
304,金馬舞台,EVENT
304,范少勳,PERSON
304,劉俊謙,PERSON
304,金馬執委會,ORG
304,李屏賓,PERSON
304,金馬,EVENT
304,今年,DATE
304,星光大道,FAC
304,台灣,GPE
304,台視頻道,ORG
304,金馬獎,WORK_OF_ART
304,新加坡馬來西亞,GPE
304,金馬,WORK_OF_ART
304,台視,ORG
304,金馬,GPE
304,李屏賓,PERSON
304,役所廣司,ORG
304,張艾嘉,PERSON
304,陳淑芳,PERSON
304,李心潔,PERSON
304,桂綸鎂,PERSON
304,陳湘琪,PERSON
304,謝盈萱,PERSON
304,陳以文,PERSON
304,阮經天,PERSON
304,北野武林志玲,PERSON
304,許光漢,PERSON
304,妻夫木聰,PERSON
304,張震,PERSON
304,林柏宏許鞍華,PERSON
304,劉冠廷,PERSON
304,袁澧林,PERSON
304,柯煒林,PERSON
304,王渝萱,PERSON
304,王淨,PERSON
304,朱軒洋,PERSON
304,柯震東,PERSON
304,宋芸樺,PERSON
304,李康生,PERSON
304,楊貴媚,PERSON
304,范少勳,PERSON
304,劉俊謙,PERSON
305,金馬執委會,ORG
305,今日,DATE
305,金馬獎,WORK_OF_ART
305,金馬執委會,ORG
305,李屏賓,PERSON
305,李安,PERSON
305,三,CARDINAL
305,金馬獎,WORK_OF_ART
305,威尼斯金獅獎,WORK_OF_ART
305,北野武坎,PERSON
305,城影帝役,ORG
305,日本,NORP
305,妻夫木聰,PERSON
305,后滿島光,PERSON
305,金馬,WORK_OF_ART
305,張震,PERSON
305,李康生,PERSON
305,陳以文阮,PERSON
305,張艾嘉,PERSON
305,陳淑芳,PERSON
305,楊貴媚,PERSON
305,李心潔,PERSON
305,桂綸鎂,PERSON
305,陳湘琪,PERSON
305,謝盈萱,PERSON
305,柯震東,PERSON
305,林柏宏,PERSON
305,劉冠廷,PERSON
305,王渝萱,PERSON
305,朱軒洋,PERSON
305,范少勳,PERSON
305,金馬獎,WORK_OF_ART
305,許光漢,PERSON
305,王淨,PERSON
305,宋芸樺,PERSON
305,袁澧林,PERSON
305,柯煒林,PERSON
305,劉俊謙,PERSON
305,兩,CARDINAL
305,金馬獎,WORK_OF_ART
305,林志玲,PERSON
305,聚金馬,GPE
305,日本,NORP
305,北野武,PERSON
305,科坎城,GPE
305,影帝役,ORG
305,廣司,NORP
305,日本,NORP
305,后滿島光,PERSON
305,兩,CARDINAL
305,金馬獎,WORK_OF_ART
305,日文,LANGUAGE
305,林志玲,PERSON
305,北野武,PERSON
305,日本,GPE
305,光漢,PERSON
305,亞洲,NORP
305,聶隱娘,PERSON
305,張震,PERSON
305,日本,NORP
305,金像獎,WORK_OF_ART
305,三,CARDINAL
305,三,CARDINAL
305,金馬獎,WORK_OF_ART
305,張艾嘉,PERSON
305,陳淑芳,PERSON
305,李心潔,PERSON
305,桂綸鎂,PERSON
305,陳湘琪,PERSON
305,謝盈萱,PERSON
305,五,CARDINAL
305,金馬,WORK_OF_ART
305,林柏宏,PERSON
305,七年前,DATE
305,許鞍華,PERSON
305,兩,CARDINAL
305,劉冠廷,PERSON
305,袁澧林,PERSON
305,濁水,LOC
305,柯煒林,PERSON
305,阿修羅,PERSON
305,王渝萱,PERSON
305,港,GPE
305,台,GPE
305,兩,CARDINAL
305,周處,GPE
305,三害,CARDINAL
305,金馬,WORK_OF_ART
305,陳以文,PERSON
305,阮經天,PERSON
305,鼎,PERSON
305,王淨和,PERSON
305,朱軒洋,PERSON
305,柯震東,PERSON
305,宋芸樺,PERSON
305,李康生,PERSON
305,楊貴媚,PERSON
305,金馬舞台,EVENT
305,范少勳,PERSON
305,劉俊謙,PERSON
305,金馬執委會,ORG
305,李屏賓,PERSON
305,金馬,EVENT
305,今年,DATE
305,星光大道,FAC
305,台灣,GPE
305,台視頻道,ORG
305,金馬獎,WORK_OF_ART
305,新加坡馬來西亞,GPE
305,金馬,WORK_OF_ART
305,台視,ORG
305,金馬,GPE
305,影帝役所廣司,ORG
305,張艾嘉,PERSON
305,陳淑芳,PERSON
305,李心潔,PERSON
305,桂綸鎂,PERSON
305,陳湘琪,PERSON
305,謝盈萱,PERSON
305,林志玲,PERSON
305,北野武,PERSON
305,林柏宏許鞍華,PERSON
305,劉冠廷,PERSON
305,袁澧林,PERSON
305,柯煒林,PERSON
305,王渝萱,PERSON
305,阮經天,PERSON
305,陳以文,PERSON
305,王淨,PERSON
305,朱軒洋,PERSON
305,柯震東,PERSON
305,宋芸樺,PERSON
305,李康生,PERSON
305,楊貴媚,PERSON
305,范少勳,PERSON
305,劉俊謙,PERSON
306,全台,PERSON
306,首日,DATE
306,萬,CARDINAL
306,台,GPE
306,年月,DATE
306,三,CARDINAL
306,第集,ORDINAL
306,台,GPE
306,首日,DATE
306,萬,CARDINAL
306,三,CARDINAL
306,十,CARDINAL
306,女鬼橋,PERSON
306,萬,CARDINAL
306,萬,CARDINAL
306,佛萊迪餐館,FAC
306,五夜,TIME
306,三害萬,CARDINAL
306,萬,CARDINAL
306,億萬,CARDINAL
306,台灣,NORP
306,日本,NORP
306,第八,ORDINAL
306,億萬,CARDINAL
306,周處,PERSON
306,三,CARDINAL
306,台北,GPE
307,雷文,PERSON
307,這禮拜,DATE
307,五,CARDINAL
307,台灣,NORP
307,阮經天,PERSON
308,港,GPE
308,台,GPE
308,香港,NORP
308,台灣,GPE
308,金馬影展,EVENT
308,聞天祥,PERSON
308,半個多小時,TIME
308,周處,PERSON
308,三,CARDINAL
308,賽德克巴萊,PERSON
308,李烈,PERSON
308,台灣,GPE
308,周處除,PERSON
308,三,CARDINAL
308,兩,CARDINAL
308,周處,PERSON
308,兩,CARDINAL
308,三,CARDINAL
308,陳桂林,PERSON
308,三,CARDINAL
308,兩,CARDINAL
308,陳桂林,PERSON
308,四,CARDINAL
308,關聖帝君,PERSON
308,阮經天,PERSON
308,阮經天,PERSON
308,阮經天,PERSON
308,前天,DATE
308,陳桂林,PERSON
308,陳桂林,PERSON
308,周處,PERSON
308,四,CARDINAL
308,阮經天,PERSON
308,兩,CARDINAL
308,周處除,PERSON
308,三,CARDINAL
308,陳桂林,PERSON
308,兩,CARDINAL
308,香港仔,GPE
308,香港人,NORP
308,粵語,LANGUAGE
308,比爾,PERSON
308,第二,ORDINAL
308,香港仔,GPE
308,陳桂林,PERSON
308,香港仔,GPE
308,分鐘,TIME
308,台灣,GPE
308,台灣,GPE
308,陳桂林,PERSON
308,阮經天,PERSON
308,陳桂林,PERSON
308,十幾分鐘,TIME
308,周處,PERSON
308,三,CARDINAL
308,粵語,LANGUAGE
308,爾中烏瑪舒嫚,PERSON
308,阮經天,PERSON
308,個年,DATE
309,錢人豪,PERSON
309,今天,DATE
309,黃精甫,PERSON
309,李烈,PERSON
309,第二,ORDINAL
309,今天,DATE
309,上週,DATE
309,李烈,PERSON
309,今天,DATE
309,黃精甫,PERSON
309,李烈,PERSON
309,台北金馬影展執行委員會,ORG
309,李屏賓,PERSON
309,今年,DATE
309,侯孝賢,PERSON
309,楊貴媚,PERSON
309,廖慶松,PERSON
309,胡仲光,PERSON
309,李遠,PERSON
309,黃建業,PERSON
309,石偉明,PERSON
309,楊力州,PERSON
309,杜篤之,PERSON
309,鍾永豐,PERSON
309,侯孝賢,PERSON
309,今年,DATE
309,金馬獎,WORK_OF_ART
309,金馬獎,WORK_OF_ART
309,李安,PERSON
309,莫子儀,PERSON
309,陳哲藝,PERSON
309,黃韻玲,PERSON
309,石偉明,PERSON
309,劉蔚然,PERSON
309,宋文忠,PERSON
309,岑偉宗,PERSON
309,巫俊鋒,PERSON
309,徐漢強,PERSON
309,馬志翔,PERSON
309,李哲昕,PERSON
309,陳柏任,PERSON
309,陳潔瑤,PERSON
309,麥曦茵馬欣,PERSON
309,月日,DATE
309,當天,DATE
309,金馬獎,WORK_OF_ART
309,李烈,PERSON
309,周處,PERSON
309,金馬執委會,ORG
310,中文,LANGUAGE
310,英文,LANGUAGE
311,雷文,PERSON
311,阮經天,PERSON
311,李李仁,PERSON
311,兩,CARDINAL
311,四年後,DATE
311,香港仔,GPE
311,阿北,PERSON
311,李李仁,PERSON
311,阮經天,PERSON
311,謝瓊煖,PERSON
312,原標,PERSON
312,金馬,GPE
312,十,CARDINAL
312,金馬,WORK_OF_ART
312,十,CARDINAL
312,港,GPE
312,台女,NORP
312,金馬獎頒獎典禮,EVENT
312,本週六,DATE
312,電影戲劇編輯部,ORG
312,十,CARDINAL
312,台灣,NORP
312,天仁,ORG
312,吳慷仁,PERSON
312,阮經天,PERSON
312,半數,CARDINAL
312,李安來,PERSON
312,蕭雅,PERSON
312,阿瑪珂德,PERSON
312,童年放映室,FAC
312,波波,PERSON
312,許光漢,PERSON
312,許光漢,PERSON
312,萌度,PERSON
312,許光漢,PERSON
312,王柏傑,PERSON
312,台灣,GPE
312,阮經天,PERSON
312,吳慷仁,PERSON
312,三,CARDINAL
312,阮,PERSON
312,阮經天,PERSON
312,十年內,DATE
312,張哲鳴,PERSON
312,阮經天,PERSON
312,周處,PERSON
312,阮,PERSON
312,阮經天,PERSON
312,阮經,PERSON
312,張婉兒,PERSON
312,阮經天,PERSON
312,阮經天,PERSON
312,金馬,WORK_OF_ART
312,吳慷仁,PERSON
312,四,CARDINAL
312,楊元鈴,PERSON
312,吳慷仁,PERSON
312,吳慷仁,PERSON
312,三,CARDINAL
312,八,CARDINAL
312,吳慷仁,PERSON
312,台灣,GPE
312,吳慷仁,PERSON
312,吳慷仁,PERSON
312,黃曦,PERSON
312,吳慷仁,PERSON
312,金馬,WORK_OF_ART
312,張吉安,PERSON
312,張吉安,PERSON
312,張吉安,PERSON
312,金馬獎,WORK_OF_ART
312,兩,CARDINAL
312,三,CARDINAL
312,金馬,GPE
312,五月,DATE
312,台灣,GPE
312,歐洲,LOC
312,五月,DATE
312,馬來西亞,GPE
312,波波,PERSON
312,五月,DATE
312,竇娥,PERSON
312,第二,ORDINAL
312,阿英,PERSON
312,馬來西亞,GPE
312,兩,CARDINAL
312,張吉安,PERSON
312,五月,DATE
312,張婉兒,PERSON
312,蕭雅全,PERSON
312,張哲鳴,PERSON
312,蕭雅全,PERSON
312,蕭雅全,PERSON
312,黃曦,PERSON
312,蕭雅,PERSON
312,多年前,DATE
312,楊元鈴,PERSON
312,台灣,GPE
312,楊元鈴,PERSON
312,中,GPE
312,港,GPE
312,金馬,WORK_OF_ART
312,陸小芬,PERSON
312,六,CARDINAL
312,張哲鳴,PERSON
312,陸小芬,PERSON
312,陸小芬,PERSON
312,台灣,NORP
312,陸小芬,PERSON
312,金馬,WORK_OF_ART
312,陸小芬,PERSON
312,陸小芬,PERSON
312,本日,DATE
312,台灣,NORP
312,楊元鈴,PERSON
312,陸小芬,PERSON
312,陸小芬,PERSON
312,陸小芬,PERSON
312,台灣,NORP
312,陸小芬,PERSON
312,今年,DATE
312,金馬影展,EVENT
312,陳坤厚,PERSON
312,桂花巷,PERSON
312,陸小芬,PERSON
312,金馬,GPE
312,六十,CARDINAL
312,台灣,NORP
312,三,CARDINAL
312,黃曦,PERSON
312,胡伶,PERSON
312,張婉兒,PERSON
312,胡伶,PERSON
312,波波,PERSON
312,胡伶,PERSON
312,蘭西絲麥朵曼,PERSON
312,胡伶,PERSON
312,張牙虎爪,PERSON
312,余香凝,PERSON
312,香港,GPE
312,余香凝,PERSON
312,余香凝,PERSON
312,兩,CARDINAL
312,金馬,WORK_OF_ART
312,金馬,WORK_OF_ART
312,六,CARDINAL
312,張婉兒,PERSON
312,卓亦謙,PERSON
312,日,GPE
312,張哲鳴,PERSON
312,港片,NORP
312,香港,NORP
312,兩,CARDINAL
312,黃曦,PERSON
312,阿瑪珂德,PERSON
312,童年放映室,FAC
312,波波,PERSON
312,中國,GPE
312,五月,DATE
312,楊元鈴,PERSON
312,五月,DATE
312,大馬,GPE
312,程偉豪,PERSON
312,台灣,GPE
312,台灣,GPE
312,台灣,GPE
312,台灣,NORP
313,方志友,PERSON
313,本日,DATE
313,奇摩新聞,ORG
313,林瑞琪,PERSON
313,日週六下午,TIME
313,金馬獎,WORK_OF_ART
313,金馬,WORK_OF_ART
313,今日,DATE
313,黃路梓茵,PERSON
313,今年,DATE
313,五月,DATE
313,評審團,ORG
313,李安,PERSON
313,三,CARDINAL
313,金馬獎,WORK_OF_ART
313,威尼斯金獅獎,WORK_OF_ART
313,北野,GPE
313,武坎城,GPE
313,影帝役,ORG
313,廣司,NORP
313,日本,NORP
313,妻夫木聰,PERSON
313,后滿島光,PERSON
313,張震金馬,PERSON
313,張艾嘉,PERSON
313,兩,CARDINAL
313,金馬獎,WORK_OF_ART
313,林志玲,PERSON
313,林青霞,PERSON
313,今晚,TIME
313,金馬獎,WORK_OF_ART
313,日晚間,TIME
313,圖金馬影展,EVENT
313,金馬獎,WORK_OF_ART
313,蕭雅全,PERSON
313,侯志堅,PERSON
313,本日,DATE
313,廖慶松,PERSON
313,大塚龍,PERSON
313,石門,PERSON
313,方志友,PERSON
313,本日,DATE
313,方志友,PERSON
313,陳坤厚,PERSON
313,林青霞,PERSON
313,余靜萍,PERSON
313,陳慕義,PERSON
313,老狐狸,PERSON
313,陳慕義,PERSON
313,吳瑾蓉,PERSON
313,程偉豪,PERSON
313,孫杰,PERSON
313,王誌成,PERSON
313,高仙齡老狐狸,PERSON
313,黃美清,PERSON
313,杜篤之,PERSON
313,吳書瑤,PERSON
313,陳冠廷,PERSON
313,杜篤之,PERSON
313,吳書瑤,PERSON
313,陳冠廷,PERSON
313,嚴振欽,PERSON
313,洪昰顥,PERSON
313,三,CARDINAL
313,卓亦謙,PERSON
313,金馬獎,WORK_OF_ART
313,五月,DATE
313,許光漢,PERSON
313,林柏宏,PERSON
313,阮,PERSON
313,周處除,PERSON
313,三,CARDINAL
313,吳慷仁富都,PERSON
313,王柏傑,PERSON
313,胡伶,PERSON
313,林品彤,PERSON
313,鍾雪瑩,PERSON
313,陸小芬,PERSON
313,本日,DATE
313,余香凝,PERSON
313,台灣,GPE
313,林仕肯,PERSON
314,彼岸,WORK_OF_ART
314,何思蔚,PERSON
314,青春春,PERSON
314,王兵,PERSON
314,八戒,PERSON
314,邱立偉,PERSON
314,夏夢迴,PERSON
314,陳嘉言,PERSON
314,黃曉傑,PERSON
314,蕭雅全,PERSON
314,吳慷仁富都,PERSON
314,林品彤,PERSON
314,陳慕義,PERSON
314,老狐狸,PERSON
314,方志友,PERSON
314,本日,DATE
314,卓亦謙,PERSON
314,謝詠欣,PERSON
314,孫杰,PERSON
314,吳瑾蓉,PERSON
314,程偉豪,PERSON
314,余靜萍,PERSON
314,石門,GPE
314,廖慶松,PERSON
314,大塚龍治,PERSON
314,黃美清,PERSON
314,高仙齡,PERSON
314,嚴振欽,PERSON
314,周處除,PERSON
314,三害,CARDINAL
314,洪昰顥,PERSON
314,五月,DATE
314,雪杜篤,PERSON
314,吳書瑤,PERSON
314,陳冠廷,PERSON
314,侯志堅,PERSON
314,吳念真,PERSON
314,陳建騏,PERSON
314,洪佩瑜,PERSON
314,林仕肯,PERSON
314,陳坤厚,PERSON
314,林青霞,PERSON
314,卓亦謙,PERSON
314,紫嫣,PERSON
314,紫嫣,PERSON
314,亞洲電影觀察團,ORG
314,孫杰,PERSON
315,本日,DATE
315,五月,DATE
315,周處除三害,CARDINAL
315,小曉,PERSON
315,鬼橋怨鬼樓,FAC
316,月初,DATE
316,五月,DATE
316,周處除三害,CARDINAL
316,鬼橋怨鬼樓,FAC
316,小曉,PERSON
316,本日,DATE
316,亞洲觀察評審團,ORG
317,李安,PERSON
317,金馬頒獎,EVENT
317,凌晨,TIME
317,三,CARDINAL
317,李安,PERSON
317,阮經天,PERSON
317,阮經天,PERSON
317,李安,PERSON
318,金馬,ORG
318,陳以文,PERSON
318,阮經天,PERSON
318,金馬獎,WORK_OF_ART
318,台北國父紀念館,FAC
318,兩,CARDINAL
318,陳以文,PERSON
318,阮經天,PERSON
318,兩,CARDINAL
318,三,CARDINAL
318,兩,CARDINAL
318,阮經天,PERSON
318,今年,DATE
318,陳以文,PERSON
318,陳以文,PERSON
318,陳以文,PERSON
318,阮經天,PERSON
318,陳以文,PERSON
318,阮經天真,PERSON
318,三,CARDINAL
318,三,CARDINAL
318,阮經天,PERSON
318,李烈,PERSON
318,陳以文,PERSON
318,阮經天,PERSON
318,金馬,GPE
319,周處除,PERSON
319,三,CARDINAL
319,金馬獎,WORK_OF_ART
319,阮經天,PERSON
319,金馬,WORK_OF_ART
319,阮經天,PERSON
319,吳慷仁,PERSON
319,王柏傑,PERSON
319,周處,PERSON
319,金馬獎,WORK_OF_ART
319,金馬獎,WORK_OF_ART
320,吳慷仁,PERSON
320,今年,DATE
320,第天,DATE
320,金馬獎,WORK_OF_ART
320,李安,PERSON
320,周處除,PERSON
320,三,CARDINAL
320,阮經天,PERSON
320,阮,PERSON
320,吳慷仁,PERSON
320,阿邦,PERSON
320,大馬,GPE
320,馬來西亞,GPE
320,富都,PERSON
321,年底,DATE
321,富都,ORG
321,年末,DATE
321,許世穎,PERSON
321,不到個月,DATE
321,今年,DATE
321,元旦,DATE
321,日本,NORP
321,台,GPE
321,華語,NORP
321,兩,CARDINAL
321,上半年,DATE
321,日本,GPE
321,台年度,DATE
321,去年,DATE
321,阿湯哥湯姆克魯斯,PERSON
321,今年,DATE
321,第章,ORDINAL
321,台灣,GPE
321,億,CARDINAL
321,下半年,DATE
321,今年,DATE
321,好萊塢,ORG
321,湯姆克魯斯,PERSON
321,第章,ORDINAL
321,今年,DATE
321,台灣,GPE
321,好萊塢,ORG
321,今年,DATE
321,第名,ORDINAL
321,億,CARDINAL
321,瑪利歐,PERSON
321,許光漢,PERSON
321,林柏宏,PERSON
321,第名,ORDINAL
321,台,GPE
321,億第,ORDINAL
321,億第,ORDINAL
321,奧本海,PERSON
321,第名,ORDINAL
321,上週末,DATE
321,本週,DATE
321,柯南黑鐵,PERSON
321,台灣,GPE
321,許世穎,PERSON
321,今年,DATE
321,日本,NORP
321,台灣,GPE
321,許世穎,PERSON
321,周處除,PERSON
321,台灣,NORP
321,許世穎,PERSON
321,到年,DATE
321,明天,DATE
321,水行俠,PERSON
321,梁朝偉,PERSON
321,劉德華,PERSON
321,雙影帝,PERSON
321,上週,DATE
321,吳慷仁,PERSON
321,金馬,WORK_OF_ART
321,今天,DATE
321,日,GPE
322,明天,DATE
322,周處除,PERSON
322,夢行者保羅,PERSON
323,旺卡,PERSON
323,本週五,DATE
323,南港,GPE
323,富都,ORG
323,吳康仁,PERSON
323,周處除,PERSON
323,阮經天,PERSON
323,赤心,PERSON
323,中央山脈,LOC
323,五月,DATE
324,張家輝,PERSON
324,華語,LANGUAGE
324,五,CARDINAL
324,周處除三害,CARDINAL
324,三,CARDINAL
324,五,CARDINAL
324,周處除三害,CARDINAL
324,台灣,GPE
324,兩,CARDINAL
324,金馬金,PERSON
324,張家輝,PERSON
324,香港,GPE
324,秦沛,PERSON
324,韓國,GPE
324,申宰明,PERSON
324,阮經天,PERSON
324,張家輝,PERSON
324,大陸,GPE
325,下半年,DATE
325,王家衛,PERSON
325,明年,DATE
325,伊尼舍林,PERSON
325,康姆,PERSON
325,周處除三害,CARDINAL
325,本日,DATE
325,第次,ORDINAL
325,猶太人,NORP
325,南美,LOC
325,東亞,LOC
325,塞納河,LOC
325,第次,ORDINAL
325,蔡明亮,PERSON
325,蔡明亮,PERSON
326,十,CARDINAL
326,周處除,PERSON
326,三,CARDINAL
326,阮經天,PERSON
326,台灣,GPE
326,韓國,GPE
326,韓國,GPE
327,周處除三害,CARDINAL
328,九,CARDINAL
328,周處除三害,CARDINAL
328,蔡崇隆,PERSON
328,九,CARDINAL
328,蔡明亮,PERSON
328,蕭雅全,PERSON
328,曾英庭,PERSON
328,程偉豪,PERSON
328,靳家驊,PERSON
328,蕭雅全,PERSON
328,詹毅文,PERSON
328,黃精甫,PERSON
328,周處,PERSON
328,三害,CARDINAL
328,曾英庭,PERSON
328,楊貽茜,PERSON
328,林品君,PERSON
328,許世輝,PERSON
328,吳瑾蓉,PERSON
328,程偉豪,PERSON
328,陳慕義,PERSON
328,老狐狸,PERSON
328,阮,PERSON
328,周處,PERSON
328,三,CARDINAL
328,王柏傑,PERSON
328,朱軒洋,PERSON
328,許光漢,PERSON
328,曾沛慈,PERSON
328,林品彤,PERSON
328,陳意涵,PERSON
328,小曉,PERSON
328,陸小芬,PERSON
328,本日,DATE
328,劉奕兒,PERSON
328,老狐狸,PERSON
328,張鈞甯,PERSON
329,莊文強金,PERSON
329,鄭保瑞,PERSON
329,卓亦謙,PERSON
329,簡君晉,PERSON
329,吳煒倫,PERSON
329,梁朝偉,PERSON
329,大鵬,GPE
329,第八,ORDINAL
329,林保怡,PERSON
329,盧鎮,PERSON
329,黃子華,PERSON
329,鍾雪瑩,PERSON
329,謝安琪,PERSON
329,衛詩雅,PERSON
329,余香凝,PERSON
329,王丹妮,PERSON
329,姜大衛,PERSON
329,謝君豪,PERSON
329,黃梓樂,PERSON
329,李尚正,PERSON
329,四十四,CARDINAL
329,吳慷仁,PERSON
329,梁雍婷,PERSON
329,韋羅莎,PERSON
329,廖子妤,PERSON
329,金燕玲,PERSON
329,楊偲泳,PERSON
329,陳諾霆,PERSON
329,何珀廉,PERSON
329,吳冰人,PERSON
329,許月湘,PERSON
329,吳煒倫,PERSON
329,簡君晉,PERSON
329,卓亦謙,PERSON
329,李子俊,PERSON
329,第八,ORDINAL
329,祝紫嫣,PERSON
329,吳煒倫,PERSON
329,張雲青,PERSON
329,林偉文,PERSON
329,唐翠萍,PERSON
329,李卓風,PERSON
329,游乃海,PERSON
329,李春暉,PERSON
329,莊文強,PERSON
329,卓亦謙,PERSON
329,鄭兆強,PERSON
329,陶鴻武,PERSON
329,潘耀明,PERSON
329,關智耀,PERSON
329,張叔平,PERSON
329,彭正熙,PERSON
329,梁展綸,PERSON
329,卓亦謙,PERSON
329,盧煒麟,PERSON
329,陳祺,PERSON
329,林子僑,PERSON
329,余家安,PERSON
329,梁詩韻,PERSON
329,潘燚森,PERSON
329,謝靄霖,PERSON
329,七月,DATE
329,霍佩,GPE
329,張栩冰,PERSON
329,余家安,PERSON
329,葉嘉茵,PERSON
329,四十四,CARDINAL
329,潘燚森,PERSON
329,陳巧倩,PERSON
329,張叔平,PERSON
329,陳子晴,PERSON
329,錢嘉樂,PERSON
329,董瑋,PERSON
329,黃偉亮,PERSON
329,李忠志,PERSON
329,八部,PERSON
329,喬峰,PERSON
329,谷垣健,PERSON
329,嚴華,PERSON
329,楊智超,PERSON
329,鄭名輝,PERSON
329,楊智超,PERSON
329,第八,ORDINAL
329,張凱彤,PERSON
329,聶基榮,PERSON
329,林紹儒,PERSON
329,陳慧思,PERSON
329,黃智力,PERSON
329,潘志恒,PERSON
329,張展榮,PERSON
329,周子豪,PERSON
329,覃彥,PERSON
329,七月,DATE
329,陳迪凱水,PERSON
329,何文洛,PERSON
329,余國亮,PERSON
329,袁華堂,PERSON
329,王喜慶,PERSON
329,楊敏傑,PERSON
329,泰迪羅賓,PERSON
329,戴偉,PERSON
329,王建威,PERSON
329,朱芸,PERSON
329,戴偉,PERSON
329,區樂恆,PERSON
329,廖頴琛,PERSON
329,張戩仁,PERSON
329,周耀輝,PERSON
329,朱芸,PERSON
329,黃妍,PERSON
329,戴偉,PERSON
329,謝安琪,PERSON
329,劉敬雯,PERSON
329,戴偉,PERSON
329,黃綺琳,PERSON
329,謝雅兒,PERSON
329,王澄晞,PERSON
329,岑寧兒,PERSON
329,亞洲,LOC
329,華語,LANGUAGE
329,中國,GPE
329,富都,ORG
329,王禮霖,PERSON
329,馬來西亞,GPE
329,滿江紅,WORK_OF_ART
329,張藝謀,PERSON
329,中國,GPE
329,周處除,PERSON
329,三,CARDINAL
329,黃精甫,PERSON
329,台灣,GPE
329,程偉豪,PERSON
329,台灣,GPE
330,三千八百萬,CARDINAL
330,台灣,GPE
330,七年前,DATE
330,赫茲,PERSON
330,魏德聖,PERSON
330,台灣,NORP
330,千萬,CARDINAL
330,小曉,PERSON
330,女鬼橋,PERSON
330,周處除三害,CARDINAL
330,台灣,GPE
330,三,CARDINAL
331,阮,PERSON
331,周處,PERSON
331,三,CARDINAL
331,中國,GPE
331,二,CARDINAL
331,曾宛如,PERSON
331,阮經天,PERSON
331,三,CARDINAL
331,金馬,WORK_OF_ART
331,台灣,GPE
331,去年月,DATE
331,中國,GPE
331,月日,DATE
331,中國,GPE
331,中國,GPE
331,中國,GPE
331,中國,GPE
331,萬人民幣,MONEY
331,中國,NORP
331,周處,PERSON
331,三害月日,DATE
331,三,CARDINAL
331,中國,NORP
332,昨天,DATE
332,周處除,PERSON
332,三,CARDINAL
332,上海,GPE
332,明天,DATE
332,去年十月份,DATE
332,台灣,GPE
332,周處除,PERSON
332,上海,GPE
332,今天,DATE
332,明天,DATE
332,二,CARDINAL
333,阮經天,PERSON
333,台灣,GPE
334,李李仁,PERSON
334,阮經天,PERSON
334,阮經天,PERSON
334,香港仔,GPE
334,阮經天,PERSON
335,陳以文,PERSON
335,三,CARDINAL
335,麥納斯,PERSON
336,周處除三害,CARDINAL
336,阮經天,PERSON
337,阮,PERSON
337,陳灰,PERSON
337,桂林仔,PERSON
337,阮,PERSON
337,台中綠川,LOC
337,雷文,PERSON
338,周處除三害,PERSON
338,英文,LANGUAGE
338,英文,LANGUAGE
338,兩,CARDINAL
338,三,CARDINAL
338,三,CARDINAL
338,兩,CARDINAL
338,三,CARDINAL
339,中國,NORP
339,周處除,PERSON
339,陳穎,PERSON
339,阮經天,PERSON
339,三,CARDINAL
339,中國,GPE
339,阮經天,PERSON
339,三,CARDINAL
339,本月日,DATE
339,大陸,GPE
339,周處,PERSON
339,三,CARDINAL
339,新台幣億元,MONEY
339,三,CARDINAL
339,上映天,DATE
339,萬人民幣,MONEY
339,新台,GPE
339,第二十,ORDINAL
339,阮經天,PERSON
339,三,CARDINAL
339,中國,GPE
339,周處,PERSON
339,三,CARDINAL
339,台灣,GPE
339,中國,GPE
339,周處除,PERSON
339,三,CARDINAL
339,分鐘,TIME
340,前天,DATE
340,陳桂林,PERSON
340,台灣,GPE
340,陳桂林,PERSON
340,第三,ORDINAL
340,第期,ORDINAL
340,香港仔,GPE
340,陳桂林,PERSON
340,香港仔,GPE
340,張貴卿,PERSON
340,蔡,PERSON
340,香港仔,GPE
340,第二,ORDINAL
340,台灣,GPE
340,十,CARDINAL
340,陳進興,PERSON
340,張鍚明,PERSON
340,林碌,PERSON
340,尊者,WORK_OF_ART
340,陳桂林,PERSON
340,林,PERSON
340,林,PERSON
340,陳灰人,PERSON
340,陳,PERSON
341,周處,PERSON
341,去年,DATE
342,富都,PERSON
342,小曉,PERSON
342,阮,PERSON
342,阮經天,PERSON
342,小曉,PERSON
342,陳慕義,PERSON
342,周處除三害,PERSON
342,黃精甫,PERSON
342,金馬,WORK_OF_ART
342,周處,PERSON
342,金馬,GPE
342,中共,ORG
342,周處,PERSON
343,今天,DATE
344,雷,PERSON
344,兩,CARDINAL
344,第三,ORDINAL
344,~個月,DATE
344,第三,ORDINAL
344,四年,DATE
344,第二,ORDINAL
344,第二,ORDINAL
344,澎湖,GPE
344,周處除,PERSON
344,三,CARDINAL
344,周處,PERSON
344,兩,CARDINAL
345,陳秋,PERSON
345,陳桂林,PERSON
345,陳桂林,PERSON
345,第第二,ORDINAL
345,香港,NORP
345,九,CARDINAL
346,十多年前,DATE
346,林祿和,PERSON
346,陳桂林,PERSON
346,四,CARDINAL
346,四,CARDINAL
346,林祿,PERSON
346,林祿,PERSON
346,四,CARDINAL
347,雷文,PERSON
347,香港人,NORP
347,廣東話,LANGUAGE
348,周處,PERSON
348,台灣,NORP
348,三千多萬,CARDINAL
348,台灣人,NORP
348,中國,GPE
348,台灣,NORP
348,周,PERSON
348,中國,GPE
348,台灣,GPE
348,台灣,GPE
348,台灣,GPE
348,中國,NORP
348,賈玲,PERSON
348,台灣,GPE
348,全年,DATE
348,劉冠廷,PERSON
348,王淨,PERSON
348,朱軒洋,PERSON
348,王渝萱,PERSON
348,中國,GPE
348,台灣,GPE
348,中國,GPE
348,張鈞甯,PERSON
348,中國,NORP
348,劉冠廷,PERSON
348,台灣,NORP
348,劉冠廷,PERSON
348,孫可芳,PERSON
348,劉冠廷,PERSON
348,中國,GPE
348,張鈞甯,PERSON
348,台灣,NORP
349,雷文,PERSON
349,陳桂林,PERSON
349,洪,PERSON
349,陳桂林,PERSON
349,台灣,GPE
349,陳桂林,PERSON
349,陳灰,PERSON
349,陳桂林,PERSON
349,陳桂林,PERSON
349,陳桂林,PERSON
349,陳灰,PERSON
350,台灣,GPE
351,台灣,GPE
351,台灣,GPE
351,大陸,GPE
351,許光漢,PERSON
351,幾歲,DATE
352,九,CARDINAL
353,周處除,PERSON
353,陳桂林,PERSON
353,劉煥榮,PERSON
353,台灣,GPE
353,台灣,GPE
353,台灣,NORP
353,韓國,NORP
353,台灣,GPE
353,白曉燕,PERSON
353,陳新發,PERSON
353,張錫銘,PERSON
353,胡關寶,PERSON
353,胡關寶,PERSON
353,侯友宜,PERSON
353,胡關寶,PERSON
353,胡關寶,PERSON
353,台灣,GPE
353,韓國,GPE
353,韓片,NORP
353,台灣,GPE
354,港片,NORP
354,中國,NORP
354,台灣,GPE
354,東南亞,LOC
354,五倍,CARDINAL
354,十倍,CARDINAL
354,成龍,PERSON
354,日本,GPE
354,萬港幣,MONEY
354,成龍,PERSON
354,香港太古城,GPE
354,鄧光榮,PERSON
354,蔡董,PERSON
354,多萬港幣,MONEY
354,邵氏,PERSON
354,嘉禾,ORG
354,台灣,GPE
354,東南亞,LOC
354,華人,NORP
354,台灣,GPE
354,梁家輝,PERSON
354,港,GPE
354,三年多,DATE
354,中國,GPE
354,中國,GPE
354,周處,PERSON
354,周處,PERSON
354,台灣,GPE
354,中國,NORP
354,中國,NORP
354,許承傑,PERSON
355,去年,DATE
355,今天,DATE
355,這幾天,DATE
355,韓國,GPE
355,這幾年,DATE
355,李李仁,PERSON
355,今天,DATE
355,巴西,GPE
355,香港仔,GPE
355,香港仔,GPE
355,台灣,GPE
355,台灣,GPE
355,今天,DATE
355,九,CARDINAL
355,周處,PERSON
355,今天,DATE
355,中國人,NORP
355,今天,DATE
355,第二,ORDINAL
355,台灣,GPE
355,堆宮廟,FAC
356,雷,PERSON
356,周處除,PERSON
356,三,CARDINAL
356,萬真,PERSON
356,陳桂林,PERSON
357,索尼,ORG
357,中國,GPE
357,首周末,DATE
357,周處除三害,PERSON
357,上周五日,DATE
357,中國,GPE
357,中國,GPE
357,好萊塢,ORG
357,首周末,DATE
357,上周末,DATE
357,中國,GPE
357,中國,GPE
357,第二,ORDINAL
357,萬美元,MONEY
357,台灣,GPE
357,同日,DATE
357,中國,GPE
357,中國,GPE
357,萬美元,MONEY
357,中國,GPE
357,農曆新年,DATE
357,張藝謀,PERSON
357,第二十條,ORDINAL
357,賈玲,PERSON
357,第二,ORDINAL
357,月日,DATE
357,中國,GPE
357,上週,DATE
357,萬美元,MONEY
357,中國,GPE
357,索尼,ORG
357,中國,GPE
357,豹瓦干達,PERSON
357,中國,GPE
358,台灣,GPE
358,中國,GPE
358,中國,GPE
359,大陸,GPE
359,張藝謀,PERSON
359,周處,PERSON
359,台灣,GPE
359,大陸,GPE
359,上世紀,DATE
359,港片,NORP
359,劉德華,PERSON
359,法國,GPE
360,周處除三害,PERSON
360,中國,GPE
360,台灣,GPE
360,下個月,DATE
360,台灣電影院,FAC
361,陳桂林,PERSON
361,台灣,GPE
361,台灣,GPE
361,台南,GPE
363,昨天,DATE
363,台灣,NORP
363,中國,NORP
363,中國,GPE
363,陳灰,PERSON
364,周處,PERSON
364,台灣,GPE
364,台灣,GPE
364,台灣,GPE
364,台灣,NORP
364,張家輝,PERSON
364,五年,DATE
364,台灣,GPE
365,當年,DATE
365,七號,DATE
365,七號,DATE
365,台灣,NORP
365,魏,PERSON
365,魏導,PERSON
365,周處除三害,PERSON
365,周處,PERSON
365,大陸,GPE
365,賈玲,PERSON
365,百元,MONEY
365,日式,GPE
365,周處,PERSON
366,兩,CARDINAL
366,三,CARDINAL
366,兩,CARDINAL
367,大陸,GPE
367,大陸,GPE
367,阿共,PERSON
367,今天,DATE
367,地球,LOC
367,大陸,GPE
367,大陸,GPE
367,台灣,GPE
367,台灣,GPE
367,阿共,ORG
367,大陸,GPE
367,大陸,GPE
367,大陸,GPE
367,台灣,GPE
367,台灣,GPE
367,阿共,PERSON
367,阿共,PERSON
368,周處除,PERSON
368,三害,CARDINAL
368,台灣,GPE
368,台灣人,NORP
368,四千萬,CARDINAL
369,陳桂林,PERSON
370,台灣,NORP
370,周處除,PERSON
370,第二,ORDINAL
370,周處除,PERSON
370,三,CARDINAL
370,中國,GPE
370,億台幣,MONEY
370,台灣,GPE
370,億台幣,MONEY
370,億台幣,MONEY
370,台灣,NORP
370,周處除,PERSON
370,三,CARDINAL
370,第二,ORDINAL
370,台灣,NORP
370,周處除三害,CARDINAL
370,億台幣,MONEY
370,周處除,PERSON
370,三,CARDINAL
370,阮經天,PERSON
370,袁富華,PERSON
370,陳以文,PERSON
370,王淨,PERSON
370,兩,CARDINAL
370,金馬,WORK_OF_ART
370,金馬男,PERSON
370,阮經天,PERSON
370,二,CARDINAL
370,金馬影帝,PERSON
370,吳慷,PERSON
370,台灣,GPE
370,萬台幣,MONEY
370,周處,PERSON
370,三,CARDINAL
370,中國,GPE
370,中國,GPE
370,中國,GPE
370,億人民幣,MONEY
370,億台幣,MONEY
370,中國,NORP
370,阮經天,PERSON
370,陳桂林,PERSON
370,第三,ORDINAL
370,二,CARDINAL
370,三,CARDINAL
370,台灣,NORP
370,賽德克巴萊,PERSON
370,太陽旗,PERSON
370,賽德克巴萊,PERSON
370,彩虹橋,FAC
370,億台幣,MONEY
370,魏德聖,PERSON
370,賽德克巴萊,PERSON
370,台灣,GPE
370,年時,DATE
370,莫那魯,PERSON
370,日本,GPE
370,霧社事件,EVENT
370,林慶台,PERSON
370,莫那魯道,PERSON
370,賽德克族,NORP
370,彩虹橋,LOC
370,賽德克巴萊,PERSON
370,億台幣,MONEY
370,太陽旗,LOC
370,彩虹橋,FAC
370,中秋,DATE
370,兩,CARDINAL
370,台灣,GPE
370,億台幣,MONEY
370,日本,GPE
370,香港,GPE
370,英國,GPE
370,美國,GPE
370,中國,GPE
370,台灣,NORP
370,台灣,NORP
370,億台幣,MONEY
370,舒淇,PERSON
370,趙薇阮,PERSON
370,趙又廷,PERSON
370,彭于晏,PERSON
370,陳意涵,PERSON
370,鈕承澤,PERSON
370,北京,GPE
370,台北,GPE
370,八,CARDINAL
370,國際影展,EVENT
370,陳意涵,PERSON
370,郭采潔,PERSON
370,台灣,GPE
370,中國,GPE
370,中國,GPE
370,萬人民幣,MONEY
370,億台幣,MONEY
370,台灣,NORP
370,黎明,PERSON
370,億台幣,MONEY
370,黎明,TIME
370,兩,CARDINAL
370,黎明,PERSON
370,林更新,PERSON
370,黃渤,PERSON
370,張鈞甯修杰楷,PERSON
370,普普,PERSON
370,約萬台幣,MONEY
370,億台幣,MONEY
370,第二,ORDINAL
370,中國,NORP
370,林更新,PERSON
370,中國,GPE
370,億台幣,MONEY
370,台灣,NORP
370,億台幣,MONEY
370,台灣,GPE
370,九,CARDINAL
370,九,CARDINAL
370,柯震東,PERSON
370,陳妍希,PERSON
370,沈佳宜,PERSON
370,柯景騰,PERSON
370,柯景騰,PERSON
370,沈佳宜,PERSON
370,兩,CARDINAL
370,陳妍希,PERSON
370,柯震東,PERSON
370,金馬新人獎,WORK_OF_ART
370,台灣,GPE
370,億台幣,MONEY
370,亞洲,LOC
370,港華,NORP
370,中國,GPE
370,萬人民幣約億台幣,MONEY
370,億台幣,MONEY
370,台灣,NORP
370,億台幣,MONEY
370,韓國,NORP
370,邱澤,PERSON
370,許瑋甯,PERSON
370,阿成,PERSON
370,浩婷見,PERSON
370,鍾情,PERSON
370,浩婷,PERSON
370,兩,CARDINAL
370,台灣,GPE
370,億台幣,MONEY
370,台灣,GPE
370,中國,GPE
370,香港,GPE
370,中國,GPE
370,邱澤台,PERSON
370,億人民幣,MONEY
370,億台幣,MONEY
370,台灣,NORP
370,億台幣,MONEY
370,李安,PERSON
370,台灣,GPE
370,美國,GPE
370,中國,GPE
370,威尼斯影展,EVENT
370,台灣,GPE
370,台灣,GPE
370,金獅獎,WORK_OF_ART
370,台灣,GPE
370,奧斯卡,PERSON
370,威尼斯影展,EVENT
370,台灣,GPE
370,中國,GPE
370,美國,GPE
370,台灣,GPE
370,高達億台幣,MONEY
370,香港,GPE
370,萬港幣約億台幣,MONEY
370,中國,GPE
370,李安,PERSON
370,中國,GPE
370,台幣,MONEY
370,台灣,NORP
370,億台幣,MONEY
370,宋芸樺,PERSON
370,李玉璽,PERSON
370,簡廷芮,PERSON
370,林真心,PERSON
370,歐陽,PERSON
370,陶敏敏,PERSON
370,兩,CARDINAL
370,失戀陣線聯盟,ORG
370,台灣,GPE
370,億台幣,MONEY
370,全亞洲,LOC
370,韓國,GPE
370,台灣,NORP
370,韓國人,NORP
370,韓,GPE
370,億台幣,MONEY
370,中國,GPE
370,億人民幣約億台幣,MONEY
370,香港新加坡馬來西亞,GPE
370,億台幣,MONEY
370,台灣,NORP
370,韓國,GPE
370,劉以豪,PERSON
370,張書豪,PERSON
370,陳庭妮,PERSON
370,兩,CARDINAL
370,楊祐賢,PERSON
370,台灣,GPE
370,億台幣,MONEY
370,近億台幣,MONEY
370,億台幣,MONEY
370,中國,NORP
370,台灣,NORP
370,台灣,NORP
370,台灣,GPE
370,美國,GPE
370,中國,GPE
370,台灣,GPE
370,奧斯卡獎,WORK_OF_ART
370,金像獎,WORK_OF_ART
370,奧斯卡,PERSON
370,美國,GPE
370,億美金,MONEY
370,美國,NORP
370,億台幣,MONEY
370,李安,PERSON
370,周潤發,PERSON
370,楊紫瓊,PERSON
370,章子怡,PERSON
370,張震,PERSON
371,莎莉,PERSON
371,今天,DATE
371,李烈,PERSON
371,李英宏,PERSON
371,土城,GPE
371,金城武,PERSON
371,莎莉,PERSON
371,劉品言,PERSON
371,林柏宏,PERSON
371,李英宏,PERSON
371,李烈,PERSON
371,今天,DATE
371,練建宏,PERSON
371,李英宏,PERSON
371,土城,GPE
371,金城武,PERSON
371,李英宏,PERSON
371,劉品言,PERSON
371,李英宏,PERSON
371,李英宏,PERSON
371,莎莉,PERSON
371,月日,DATE
371,台,GPE
371,李亨山,PERSON
371,莎莉,PERSON
371,李烈,PERSON
371,第次,ORDINAL
371,威視,PERSON
371,三,CARDINAL
371,華納,PERSON
371,威視,ORG
371,劉品言,PERSON
371,金鐘獎,WORK_OF_ART
371,年之前,DATE
371,曾之喬,PERSON
371,金鐘獎,WORK_OF_ART
371,李英宏,PERSON
371,王明台,PERSON
371,莎莉,PERSON
371,練建宏,PERSON
371,莎莉,PERSON
371,第次,ORDINAL
372,周處,PERSON
372,三,CARDINAL
372,中國,GPE
372,億台幣,MONEY
372,陳桂林,PERSON
372,華視,ORG
372,年月日週二下午,TIME
372,中國,GPE
372,林彥廷,PERSON
372,周處除三害,CARDINAL
372,去年,DATE
372,月日,DATE
372,中國,GPE
372,億人民幣約億新台幣,MONEY
372,中國,NORP
372,中國,NORP
372,周處,PERSON
372,中國,GPE
372,月日,DATE
372,中國,NORP
372,台灣,GPE
372,中國,GPE
372,陳桂林,PERSON
372,八,CARDINAL
372,德,GPE
372,陳灰,PERSON
372,周處,PERSON
372,中國,GPE
372,中國,GPE
372,兩日,DATE
372,億人民幣約億新台幣,MONEY
372,中國,NORP
372,周,PERSON
373,小雷,PERSON
373,英文,LANGUAGE
373,陳桂琳,PERSON
373,阿，,PERSON
373,陳桂琳,PERSON
374,兩,CARDINAL
374,兩年前,DATE
374,兩,CARDINAL
374,周處除,PERSON
374,兩,CARDINAL
374,周處,PERSON
374,鄒鄒,PERSON
374,周處,PERSON
374,好萊塢,ORG
374,兩,CARDINAL
375,周處,PERSON
375,中國,NORP
375,周處,PERSON
375,中國,NORP
375,周處,PERSON
375,中國,GPE
375,中國,NORP
375,余人,NORP
375,第二,ORDINAL
375,余人,NORP
375,第三,ORDINAL
375,余人,NORP
375,第四,ORDINAL
375,桂林,GPE
376,周處除,PERSON
376,三,CARDINAL
377,台灣,GPE
377,台灣,GPE
377,中國人,NORP
377,台灣,GPE
377,台灣,GPE
377,國台語,LANGUAGE
377,台灣,NORP
377,王淨太,PERSON
377,周處,PERSON
377,三,CARDINAL
377,台灣,GPE
377,兩,CARDINAL
377,兩,CARDINAL
378,美國,GPE
378,香港,GPE
378,韓國,GPE
378,台灣,NORP
378,艋舺,GPE
378,南國,GPE
378,周處除三害,PERSON
379,台灣,GPE
379,周處除,PERSON
379,三,CARDINAL
379,台灣人,NORP
379,奧本海默,PERSON
379,台灣,GPE
379,韓片,NORP
379,三,CARDINAL
380,周處除,PERSON
380,三,CARDINAL
380,中國,GPE
380,台灣,GPE
380,三立新聞網,ORG
380,年月日週四下午,TIME
380,王冠宇,PERSON
380,中國,NORP
380,周處除,PERSON
380,三,CARDINAL
380,台灣,GPE
380,三,CARDINAL
380,中國,GPE
380,中國,GPE
380,台灣,GPE
380,台灣,GPE
380,中國,GPE
380,台灣,GPE
380,台灣,GPE
380,周處除,PERSON
380,阮經天,PERSON
380,陳桂林,PERSON
380,香港仔,GPE
380,多年前,DATE
380,三,CARDINAL
380,周處,PERSON
380,中國,NORP
380,台灣,GPE
380,台灣,GPE
381,全國政協,ORG
381,甄子丹,PERSON
381,北京,GPE
381,兩會,EVENT
381,去年,DATE
381,甄子丹,PERSON
381,丹哥,PERSON
381,三,CARDINAL
382,金馬,WORK_OF_ART
383,陳桂林,PERSON
383,台灣,GPE
383,兩,CARDINAL
383,幾年後,DATE
383,陳桂林,PERSON
384,台灣,GPE
384,宋七力,PERSON
384,澳門,GPE
384,台灣,NORP
384,陳桂林,PERSON
385,這幾天,DATE
385,桂林,GPE
385,桂林,GPE
385,陳桂林,PERSON
385,周處,PERSON
385,周處,PERSON
385,司馬彤,PERSON
385,桂林仔,PERSON
385,兩,CARDINAL
385,三,CARDINAL
385,周處,PERSON
385,三,CARDINAL
385,周處,PERSON
385,兩千年,DATE
385,陳桂林,PERSON
385,周處除,PERSON
386,雷文,PERSON
386,周處,PERSON
386,三,CARDINAL
386,陳桂林,PERSON
386,臺灣,GPE
386,陳桂林,PERSON
386,陳,PERSON
386,陳桂林,PERSON
386,陳,PERSON
386,陳桂林,PERSON
386,澎湖,GPE
386,陳桂林,PERSON
387,周處除,PERSON
387,貴卿,PERSON
387,施明德,PERSON
387,鈕承澤,PERSON
388,兩個小時,TIME
388,陳桂林,PERSON
389,周處,PERSON
389,大陸,GPE
389,億王淨,PERSON
389,王思穎,PERSON
389,王淨,PERSON
389,陳柏霖,PERSON
389,今日,DATE
389,王淨,PERSON
389,周處除,PERSON
389,三,CARDINAL
389,大陸,GPE
389,億台幣,MONEY
389,陳柏霖,PERSON
389,周處,PERSON
389,陳柏霖,PERSON
389,極島,LOC
389,王淨,PERSON
389,柏霖,PERSON
389,陳柏霖,PERSON
390,周處,PERSON
390,三,CARDINAL
390,阮經天,PERSON
390,兩,CARDINAL
390,白,PERSON
391,今天凌晨,TIME
391,萬人民幣,MONEY
391,約萬人民幣,MONEY
391,三,CARDINAL
391,晚上十點,TIME
391,周處,PERSON
391,大陸人,NORP
391,周處,PERSON
391,周處,PERSON
391,保羅,PERSON
391,周處,PERSON
392,陳桂林,PERSON
392,陳桂林,PERSON
392,台灣,GPE
392,宋七力,PERSON
392,澳門,GPE
392,台灣,NORP
392,陳桂林,PERSON
393,陳桂林,PERSON
393,大陸,GPE
393,陳桂林,PERSON
393,柯振中,PERSON
393,周處除,PERSON
393,三,CARDINAL
393,兩岸,LOC
393,阮經天,PERSON
393,陳桂林,PERSON
393,大陸,GPE
393,台灣,GPE
393,陳桂林,PERSON
393,周處除三,PERSON
393,阮經天,PERSON
393,阮經天,PERSON
393,兩,CARDINAL
393,陳桂,PERSON
393,林,PERSON
393,大陸,GPE
393,陳桂林,PERSON
393,台灣,GPE
393,大陸,GPE
393,陳桂林,PERSON
393,百元,MONEY
393,大陸,NORP
393,陳桂林,PERSON
393,陳桂林,PERSON
394,香港仔,GPE
394,港片,NORP
394,美式,NORP
394,台灣,GPE
394,台灣,NORP
395,雷文,PERSON
395,好萊塢,ORG
395,韓風,GPE
395,二十年,DATE
395,韓風,GPE
395,十年,DATE
395,十五年,DATE
395,好萊塢,ORG
395,韓,GPE
395,韓片,NORP
395,周處,PERSON
395,三,CARDINAL
395,台灣,NORP
395,韓國,NORP
395,二十年,DATE
395,韓國,NORP
395,韓國,NORP
395,韓山島海戰,EVENT
395,韓國,GPE
395,好萊塢,ORG
395,韓國,NORP
395,韓國,NORP
395,富豪,NORP
395,金高銀,PERSON
395,李到晛,PERSON
395,美國,GPE
395,富豪,ORG
395,崔岷植,PERSON
395,柳海真,PERSON
395,崔岷植,PERSON
395,柳海真,PERSON
395,兩,CARDINAL
395,兩,CARDINAL
395,四,CARDINAL
395,四,CARDINAL
395,富豪,GPE
395,崔岷,PERSON
395,三,CARDINAL
395,四,CARDINAL
395,四,CARDINAL
395,個世紀,DATE
395,韓國,GPE
395,國安,ORG
395,崔,PERSON
395,岷植,PERSON
395,李昌鈺,PERSON
395,柳海真,PERSON
395,福爾摩斯,PERSON
395,華,GPE
395,金高銀,PERSON
395,李到晛,PERSON
395,後日,DATE
395,四,CARDINAL
395,台灣,GPE
395,韓國,GPE
396,三,CARDINAL
396,中國,GPE
396,李烈,PERSON
396,黃閔,PERSON
396,台北,GPE
396,周處除,PERSON
396,三,CARDINAL
396,中國,GPE
396,昨日,DATE
396,新台幣億,MONEY
396,壹蘋新聞網,ORG
396,周處,PERSON
396,中國,GPE
396,李烈,PERSON
396,萬美金,MONEY
396,中國,NORP
396,周處,PERSON
396,李烈,PERSON
396,萬美金,MONEY
396,周處,PERSON
396,中國,GPE
396,李烈,PERSON
396,周處,PERSON
396,三,CARDINAL
396,台灣,GPE
396,美金,GPE
396,中國,GPE
396,李烈,PERSON
396,李烈,PERSON
397,萬美元,MONEY
397,萬人民幣,MONEY
397,周處,PERSON
397,二十幾年前,DATE
397,小曉,PERSON
397,五月份,DATE
397,中國,GPE
397,周處,PERSON
397,阮,PERSON
397,袁富華,PERSON
397,陳以文,PERSON
397,李李仁,PERSON
397,王淨萬,PERSON
397,王淨真,PERSON
397,李烈,PERSON
398,三害日,DATE
398,中國,GPE
398,大陸,NORP
398,中央社,ORG
398,台灣,GPE
398,周處除,PERSON
398,三,CARDINAL
398,中國大陸,GPE
398,人民幣億元,MONEY
398,二,CARDINAL
398,中國,GPE
398,周片,PERSON
398,下午,TIME
398,新台幣,MONEY
398,億元,MONEY
398,億元,MONEY
398,中國,GPE
398,不到億元,MONEY
398,周片,PERSON
398,台灣,GPE
398,周片年,PERSON
398,台灣,GPE
398,新台幣萬元,MONEY
398,中國,GPE
398,安徽,GPE
398,周片,PERSON
398,中國,GPE
398,北京,GPE
398,二,CARDINAL
398,阮經天,PERSON
398,三秒,TIME
398,中國,NORP
398,阮經天,PERSON
398,阮經天,PERSON
398,新心靈舍,PERSON
398,陳以文,PERSON
398,周,PERSON
398,三,ORDINAL
398,中國,GPE
398,聯想,ORG
398,台灣,GPE
398,周片會,PERSON
398,中國,NORP
398,上海,GPE
398,楊佳,PERSON
398,楊佳,PERSON
398,中共,ORG
398,南寧市委會政法委,ORG
398,南寧,GPE
398,九,CARDINAL
398,中國,NORP
399,王淨,PERSON
399,桂林仔,PERSON
399,四年,DATE
399,陳灰,PERSON
400,獨大陸,GPE
400,三,CARDINAL
400,李承陽,PERSON
400,阮經天,PERSON
400,王淨陳,PERSON
400,袁富華,PERSON
400,周處除,PERSON
400,三,CARDINAL
400,去年,DATE
400,台,GPE
400,大陸,GPE
400,億台幣,MONEY
400,大陸,NORP
400,日,GPE
400,周處除三害,PERSON
400,李烈,PERSON
400,萬美金,MONEY
400,大陸,GPE
400,李烈,PERSON
400,大陸,GPE
400,月初,DATE
400,大陸,GPE
400,李烈,PERSON
400,月底,DATE
401,雷,PERSON
401,三十塊,MONEY
401,新台幣五塊十塊,MONEY
401,大陸,GPE
402,台灣,GPE
402,香港仔,GPE
402,澎湖,GPE
403,周處,PERSON
403,大陸,GPE
403,億阮經天,PERSON
403,帥感紅波,PERSON
403,中國時報,WORK_OF_ART
403,李承陽,PERSON
403,翁紫曦,PERSON
403,阮經天,PERSON
403,三,CARDINAL
403,大陸,GPE
403,阮經天,PERSON
403,王淨,PERSON
403,袁富華,PERSON
403,周處除,PERSON
403,三害,CARDINAL
403,去年,DATE
403,台,GPE
403,大陸,GPE
403,億台幣,MONEY
403,大陸,NORP
403,阮經天,PERSON
403,日,GPE
403,周處除三害,PERSON
403,李烈,PERSON
403,萬美金,PERSON
403,萬台幣,MONEY
403,大陸,GPE
403,李烈,PERSON
403,這個月初,DATE
403,大陸,GPE
403,李烈,PERSON
403,月底,DATE
403,周處除,PERSON
403,大陸,GPE
403,大陸,GPE
403,微博,ORG
403,小紅書,PRODUCT
403,阮經天,PERSON
403,陳桂林,PERSON
403,台灣,GPE
403,大陸,GPE
403,情人節,DATE
403,三,CARDINAL
403,大陸,GPE
403,台灣,GPE
403,那些年,DATE
403,周處,PERSON
403,三,CARDINAL
403,大陸,GPE
403,大陸,GPE
403,小紅書,ORG
404,周處,PERSON
404,台灣,GPE
404,周處除,PERSON
405,周處除,PERSON
405,台灣,GPE
405,香港,GPE
405,香港,GPE
405,香港,NORP
405,周片,PERSON
405,中國,NORP
405,香港,GPE
405,周處除,PERSON
405,三,CARDINAL
405,台灣,GPE
405,香港,GPE
405,香港,NORP
405,中國,GPE
405,豬哥亮,PERSON
405,台灣,NORP
406,中國大陸影院,ORG
406,千萬,CARDINAL
406,今年月號,DATE
406,香港,NORP
406,黃精甫,PERSON
406,台灣,NORP
406,周處除,PERSON
406,三,CARDINAL
406,中國大陸,GPE
406,不到兩周,DATE
406,大陸,GPE
406,中國,GPE
406,大陸影院,ORG
406,千萬,CARDINAL
406,今年月號,DATE
406,本周三日,DATE
406,四億人民幣,MONEY
406,億台幣,MONEY
406,周處除三害,PERSON
406,阮經天,PERSON
406,台北,ORG
406,陳桂林,PERSON
406,兩,CARDINAL
406,台灣金馬獎,WORK_OF_ART
406,香港,NORP
406,金像獎,WORK_OF_ART
406,金馬,WORK_OF_ART
406,阮經天,PERSON
406,中國,GPE
406,萬台幣約萬人民幣,MONEY
406,去年底,DATE
406,台灣,GPE
406,香港,GPE
406,台灣,GPE
406,新台幣萬元萬人民幣,MONEY
406,中國大陸,GPE
406,香港,GPE
406,黃精甫,PERSON
406,台北,GPE
406,台幣六千,MONEY
406,大陸,GPE
406,香港,GPE
406,黃,PERSON
406,中文,LANGUAGE
406,北京,NORP
406,弦子,PERSON
406,中文,LANGUAGE
406,大陸,GPE
406,大陸,GPE
406,周處除三害,PERSON
406,大陸,GPE
406,弦子,PERSON
406,台灣,GPE
406,台灣,GPE
406,香港,GPE
406,周處除,PERSON
406,三,CARDINAL
406,大陸,GPE
406,香港,GPE
406,香港,NORP
406,香港,GPE
406,中國大陸,GPE
406,弦子,PERSON
406,周處,PERSON
406,三,CARDINAL
406,中國大陸,GPE
406,三,CARDINAL
406,大陸,GPE
406,台灣,GPE
406,中央社,ORG
406,華語,LANGUAGE
406,中國,NORP
406,二,CARDINAL
406,香港,GPE
406,台灣,GPE
406,大陸,GPE
406,香港,GPE
406,黃精甫,PERSON
406,台北,GPE
406,台幣六千,MONEY
406,黃精甫,PERSON
406,年前,DATE
406,香港,NORP
406,金像獎,WORK_OF_ART
406,香港,NORP
406,香港,GPE
406,黃精甫,PERSON
406,十年前,DATE
406,台灣,GPE
406,中文,LANGUAGE
406,台灣,GPE
406,台灣,NORP
406,十年後,DATE
406,台灣,GPE
406,周處,PERSON
406,三,CARDINAL
406,港片,NORP
406,香港,GPE
406,華語,LANGUAGE
406,溫祺德,PERSON
406,中文,LANGUAGE
406,華語,LANGUAGE
406,香港,GPE
406,香港,NORP
406,溫祺德,PERSON
406,黃精甫,PERSON
406,年前,DATE
406,香港,NORP
406,金像獎,WORK_OF_ART
406,香港,NORP
406,香港,GPE
406,黃精甫,PERSON
406,十年前,DATE
406,台灣,GPE
406,中文,LANGUAGE
406,台灣,GPE
406,台灣,NORP
406,十年後,DATE
406,台灣,GPE
406,周處,PERSON
406,三,CARDINAL
406,港片,NORP
406,香港,GPE
406,華語,LANGUAGE
406,溫祺德,PERSON
406,中文,LANGUAGE
406,華語,LANGUAGE
406,香港,GPE
406,香港,NORP
406,溫祺德,PERSON
406,杜琪峰,PERSON
406,香港,NORP
406,周處除,PERSON
406,金馬,WORK_OF_ART
406,陳以文,PERSON
406,兩,CARDINAL
406,三,CARDINAL
406,台獨,GPE
406,美國,GPE
406,台灣人,NORP
406,台灣,NORP
406,羅比,PERSON
406,中文,LANGUAGE
406,羅比,PERSON
406,周處,PERSON
406,三,CARDINAL
406,黃精甫,PERSON
406,中文,LANGUAGE
406,周處除,PERSON
406,三,CARDINAL
406,周處,PERSON
406,黃導,PERSON
406,中文,LANGUAGE
406,周處除,PERSON
406,三,CARDINAL
406,金馬,WORK_OF_ART
406,陳以文,PERSON
406,兩,CARDINAL
406,三,CARDINAL
406,中國大陸,GPE
406,李尋獐,PERSON
406,北京,GPE
406,香港,GPE
406,台灣,NORP
406,阮經天,PERSON
406,中國大陸,NORP
406,北京,NORP
406,弦子,PERSON
406,中文,LANGUAGE
406,香港,GPE
406,香港都會大學人文社會科學院,ORG
406,陳智廷,PERSON
406,台灣,GPE
406,王淨,PERSON
406,澎湖,LOC
406,基督教,ORG
406,台灣,NORP
406,中文,LANGUAGE
407,阮經天,PERSON
407,中國,GPE
407,兩,CARDINAL
407,林祿,PERSON
407,陳灰,PERSON
407,陳灰,PERSON
407,陳灰,PERSON
407,台灣人,NORP
407,中國,GPE
407,中國人,NORP
407,台灣,NORP
408,九,CARDINAL
408,九,CARDINAL
408,九,CARDINAL
408,基哥,PERSON
408,昆哥丁塔倫提諾,PERSON
408,台灣,GPE
408,中國,GPE
409,中共,ORG
409,陳桂林,PERSON
409,中共,ORG
409,國民黨,ORG
409,中共,ORG
409,陳桂林,PERSON
409,陳桂林,PERSON
410,台灣,GPE
410,當年,DATE
410,台灣,GPE
411,日,GPE
411,韓國,GPE
411,中國,GPE
411,日本,NORP
411,日本,GPE
411,奧母真理,PERSON
411,日本,GPE
411,安倍晉三,PERSON
411,岸信介,PERSON
411,安倍,PERSON
411,中國,GPE
411,中國,GPE
411,億人民幣,MONEY
412,這兩天,DATE
412,周處,PERSON
412,三,CARDINAL
412,港片,NORP
412,台灣,GPE
412,港片,NORP
412,周處,PERSON
412,港片,NORP
413,兩個多小時,TIME
413,陳以文,PERSON
413,阮經天,PERSON
413,王淨,PERSON
413,王淨,PERSON
413,陳桂林,PERSON
413,光陳桂林,PERSON
413,幾分鐘,TIME
413,王淨,PERSON
413,陳桂林,PERSON
413,李李仁,PERSON
413,陳桂林,PERSON
413,王淨,PERSON
413,陳桂林,PERSON
413,陳桂林,PERSON
413,陳桂林,PERSON
413,臺灣,GPE
413,中國,GPE
414,雷文,PERSON
414,艾樂蒂,PERSON
414,艾樂蒂,PERSON
414,提艾樂蒂,PERSON
414,周處,PERSON
414,艾樂蒂,PERSON
414,艾樂蒂,PERSON
414,艾樂蒂,PERSON
414,艾樂蒂,PERSON
414,艾樂蒂,PERSON
